,tm,발생일시_시간,발생장소_시도,발생장소_시군구,발생원인_구분,피해면적_합계
2,2021-12-30,14:57,경북,봉화,건,0.5
8,2021-12-29,02:42,강원,춘천,건,4
11,2021-12-24,15:00,경북,고령,입,0.04
12,2021-12-24,14:54,경북,경주,입,1
13,2021-12-23,19:14,울산,울주,입,0.01
16,2021-12-19,15:31,강원,강릉,기,0.01
20,2021-12-13,21:33,경북,경주,기,0.1
27,2021-11-29,13:45,강원,횡성,기,0.45
32,2021-11-24,20:15,울산,울주,입,2
33,2021-11-24,13:37,울산,울주,입,0.04
34,2021-11-24,13:30,울산,울주,입,0.02
39,2021-11-17,15:55,경북,안동,쓰,0.04
41,2021-11-16,12:39,경북,문경,담,0.05
45,2021-11-14,21:55,강원,양양,쓰,1.27
46,2021-11-07,13:53,경북,경산,기,0.06
54,2021-08-10,14:45,강원,춘천,기,0.01
57,2021-07-31,14:39,경북,울진,기,0.01
58,2021-07-31,14:16,강원,정선,기,0.1
62,2021-07-21,12:36,울산,중,입,0.01
63,2021-07-02,13:32,경북,포항,기,0.1
64,2021-06-08,14:52,강원,홍천,기,0.04
65,2021-06-07,15:13,강원,강릉,쓰,0.01
66,2021-06-07,15:13,강원,강릉,기,0.01
68,2021-05-27,15:32,경북,고령,건,0.13
69,2021-05-14,11:53,강원,횡성,기,0.1
71,2021-05-13,15:35,강원,태백,기,0.84
75,2021-05-09,17:49,강원,철원,기,0.01
76,2021-05-09,13:43,강원,철원,기,0.03
77,2021-05-09,13:16,강원,홍천,기,0.2
79,2021-05-09,12:10,경북,고령,입,1.4
81,2021-05-08,12:12,강원,횡성,입,0.01
82,2021-05-07,11:06,강원,삼척,입,1.23
83,2021-05-06,21:06,강원,삼척,기,0.01
84,2021-05-06,17:30,강원,인제,입,0.2
90,2021-04-29,21:15,강원,삼척,기,0.01
93,2021-04-29,13:34,강원,영월,기,0.01
95,2021-04-27,13:30,강원,인제,입,0.17
104,2021-04-25,14:32,강원,원주,입,1.5
106,2021-04-25,12:25,강원,평창,입,0.01
109,2021-04-24,14:30,경북,봉화,입,0.01
110,2021-04-24,14:17,경북,청송,기,0.13
111,2021-04-24,09:39,경북,안동,입,0.1
113,2021-04-23,16:10,경북,예천,담,2
121,2021-04-22,13:29,강원,철원,쓰,0.02
122,2021-04-22,00:00,경북,포항,기,0.1
124,2021-04-21,12:22,강원,평창,기,1
127,2021-04-20,18:52,경북,문경,기,0.03
128,2021-04-20,15:22,강원,홍천,기,0.66
130,2021-04-20,11:45,경북,구미,쓰,0.2
131,2021-04-19,17:06,강원,횡성,입,1.48
138,2021-04-17,12:04,강원,평창,기,0.01
140,2021-04-17,09:33,강원,홍천,기,0.01
141,2021-04-16,16:03,경북,영양,입,0.74
143,2021-04-14,15:40,경북,봉화,입,0.5
145,2021-04-11,20:32,경북,봉화,기,0.03
152,2021-04-11,10:34,경북,문경,입,0.05
154,2021-04-11,10:13,경북,봉화,기,0.5
165,2021-04-07,12:33,경북,영천,기,0.06
167,2021-04-03,01:10,울산,울주,담,0.5
168,2021-04-02,19:19,경북,영덕,입,0.15
181,2021-03-31,15:56,강원,양구,기,0.5
182,2021-03-31,15:38,강원,정선,기,10.7
183,2021-03-31,12:29,경북,군위,기,0.1
184,2021-03-30,14:11,강원,삼척,기,1.28
185,2021-03-27,11:28,경북,울진,기,0.1
187,2021-03-26,19:44,경북,문경,쓰,0.01
188,2021-03-26,18:51,경북,영천,기,0.6
197,2021-03-23,18:14,울산,중,기,0.01
199,2021-03-23,15:52,강원,홍천,입,20
200,2021-03-23,15:32,경북,영주,기,0.2
204,2021-03-22,12:56,경북,문경,쓰,0.3
208,2021-03-19,14:39,경북,상주,입,0.03
219,2021-03-11,14:40,강원,영월,기,4.42
225,2021-02-28,13:32,울산,울주,기,0.02
234,2021-02-26,13:33,강원,홍천,입,0.1
240,2021-02-24,15:26,경북,고령,입,0.05
244,2021-02-24,14:13,경북,안동,기,0.02
250,2021-02-23,14:09,울산,남,입,0.1
252,2021-02-22,14:14,강원,화천,기,0.1
253,2021-02-22,14:07,경북,상주,기,0.24
256,2021-02-21,16:05,경북,예천,기,112
259,2021-02-21,15:20,경북,안동,기,307
263,2021-02-20,22:52,경북,의성,입,0.02
265,2021-02-20,15:50,강원,정선,기,24.56
266,2021-02-20,13:13,강원,화천,입,0.5
268,2021-02-18,22:30,강원,양양,기,3.62
269,2021-02-18,14:56,강원,강릉,건,0.4
271,2021-02-16,14:34,강원,강릉,입,2.7
272,2021-02-16,11:53,울산,울주,기,0.04
285,2021-02-12,13:40,경북,의성,기,0.1
287,2021-02-11,13:33,경북,경주,기,0.1
288,2021-02-10,14:12,강원,홍천,입,0.01
290,2021-02-10,10:50,경북,영양,쓰,0.26
292,2021-02-09,16:10,경북,영덕,입,0.05
294,2021-02-09,14:24,경북,의성,기,0.03
295,2021-02-09,13:19,강원,삼척,기,3.7
298,2021-02-08,13:00,경북,안동,건,0.1
299,2021-02-08,11:59,경북,울진,기,0.08
304,2021-02-05,14:19,강원,정선,기,2.02
308,2021-01-30,10:20,경북,영양,기,1
312,2021-01-24,17:47,강원,홍천,기,0.7
314,2021-01-20,14:46,강원,횡성,입,0.09
316,2021-01-18,12:33,경북,경주,입,1.5
318,2021-01-17,15:38,강원,동해,기,1
319,2021-01-17,14:46,경북,경산,입,0.05
320,2021-01-17,12:38,울산,울주,기,0.2
321,2021-01-16,20:27,경북,영천,기,0.4
323,2021-01-15,23:50,경북,군위,기,0.3
324,2021-01-15,21:02,경북,영주,기,0.1
325,2021-01-15,15:39,강원,인제,입,0.21
328,2021-01-15,10:37,경북,경주,기,4
329,2021-01-14,17:30,경북,영천,기,0.2
332,2021-01-12,11:44,강원,홍천,입,0.15
333,2021-01-11,19:35,경북,영덕,건,0.05
334,2021-01-11,15:59,경북,경주,기,0.2
336,2021-01-08,13:33,경북,성주,입,0.2
339,2021-01-06,06:14,경북,영덕,기,10.24
340,2021-01-06,01:30,경북,영덕,기,0.28
342,2021-01-05,11:55,경북,안동,기,0.4
346,2021-01-03,09:14,경북,안동,기,0.2
356,2020-12-25,16:22,강원,영월,입,0.3
360,2020-12-24,17:29,경북,경주,기,3
361,2020-12-24,15:59,경북,의성,건,0.05
365,2020-12-20,11:57,울산,울주,쓰,0.08
372,2020-12-17,19:41,경북,울진,기,0.73
373,2020-12-16,16:42,경북,경주,입,0.1
374,2020-12-16,14:45,경북,경주,기,0.1
375,2020-12-15,15:35,경북,포항,기,0.12
376,2020-12-15,15:17,울산,울주,쓰,0.5
378,2020-12-13,14:37,울산,울주,입,0.02
381,2020-12-12,18:25,강원,홍천,건,0.04
382,2020-12-12,15:54,강원,원주,입,0.05
383,2020-12-12,11:43,강원,원주,담,0.5
386,2020-12-09,14:43,울산,울주,쓰,0.1
389,2020-12-08,20:37,강원,홍천,기,0.02
391,2020-12-06,13:00,울산,남,입,0.01
392,2020-12-06,12:15,경북,경주,기,0.03
394,2020-12-04,13:09,경북,고령,기,0.03
396,2020-12-01,21:59,강원,횡성,기,0.1
397,2020-11-26,15:02,경북,상주,담,0.1
401,2020-11-16,12:40,경북,구미,입,0.03
402,2020-11-16,12:33,강원,홍천,입,0.1
403,2020-11-15,19:19,경북,안동,입,0.75
404,2020-11-15,18:53,경북,청송,건,0.2
407,2020-11-14,21:36,경북,영천,기,0.3
412,2020-11-14,12:29,경북,영양,입,0.38
415,2020-11-12,11:30,경북,경주,기,0.01
417,2020-11-10,13:23,경북,안동,기,0.1
419,2020-11-10,06:29,경북,의성,기,0.03
420,2020-11-09,20:21,울산,북,기,0.02
422,2020-11-09,13:20,경북,예천,기,1.05
435,2020-11-08,12:57,경북,안동,기,0.07
436,2020-11-08,02:27,강원,동해,입,0.11
438,2020-11-06,17:38,경북,영양,입,2.6
441,2020-11-04,12:45,강원,철원,입,0.01
446,2020-10-31,11:57,경북,안동,입,0.03
449,2020-10-30,14:23,강원,평창,입,0.1
452,2020-10-29,14:00,강원,정선,기,0.4
453,2020-10-29,13:40,경북,경주,입,0.1
456,2020-10-28,15:21,경북,의성,기,0.1
457,2020-10-24,22:22,강원,삼척,기,1.2
458,2020-10-24,09:11,경북,영양,기,0.62
462,2020-10-18,13:10,강원,홍천,입,0.01
469,2020-10-13,14:40,강원,홍천,입,0.01
470,2020-10-13,07:22,경북,김천,입,0.01
471,2020-10-11,07:44,강원,홍천,입,0.01
473,2020-10-09,17:03,강원,홍천,입,0.05
477,2020-10-06,14:17,강원,춘천,입,0.01
478,2020-09-27,12:54,경북,예천,입,0.15
480,2020-08-23,19:12,경북,포항,기,0.1
482,2020-06-23,09:45,강원,홍천,입,0.15
490,2020-06-13,15:10,강원,춘천,입,0.4
498,2020-06-08,15:15,강원,춘천,입,0.1
504,2020-06-07,11:42,경북,포항,기,0.16
506,2020-06-07,04:50,경북,칠곡,기,0.2
507,2020-06-05,15:17,경북,울진,기,0.05
509,2020-06-05,14:32,경북,영주,기,0.01
510,2020-06-05,00:07,경북,포항,입,0.06
511,2020-06-04,13:31,울산,북,건,0.12
512,2020-06-04,10:29,경북,군위,기,0.02
514,2020-06-03,11:18,경북,칠곡,기,0.07
515,2020-06-03,00:51,경북,포항,담,0.01
518,2020-06-01,12:46,경북,영덕,쓰,0.21
519,2020-05-31,12:42,경북,고령,쓰,0.01
520,2020-05-30,14:36,경북,칠곡,입,0.02
521,2020-05-29,13:01,울산,울주,입,0.01
522,2020-05-29,11:42,경북,울진,기,0.1
525,2020-05-13,13:51,경북,청도,기,0.1
527,2020-05-08,16:00,강원,횡성,기,0.8
528,2020-05-08,15:00,강원,홍천,건,0.16
529,2020-05-08,14:50,강원,홍천,입,0.03
536,2020-05-06,11:33,강원,철원,기,0.06
538,2020-05-04,13:10,경북,봉화,기,2
539,2020-05-01,20:10,강원,고성,건,123.2
540,2020-05-01,15:21,강원,홍천,입,0.01
541,2020-05-01,14:30,강원,춘천,입,0.2
544,2020-05-01,12:30,경북,울진,쓰,3.77
546,2020-04-30,18:20,경북,군위,기,0.02
547,2020-04-30,18:05,강원,원주,입,0.01
550,2020-04-30,15:47,경북,안동,입,0.1
552,2020-04-30,14:27,강원,홍천,입,0.2
565,2020-04-27,11:28,강원,횡성,입,0.02
569,2020-04-26,13:27,강원,춘천,기,0.01
580,2020-04-24,16:15,경북,예천,기,0.16
581,2020-04-24,15:39,경북,안동,입,1944
582,2020-04-24,13:07,강원,춘천,기,1
584,2020-04-24,11:35,강원,철원,입,0.6
587,2020-04-22,14:23,강원,인제,기,0.2
588,2020-04-22,13:48,강원,강릉,기,0.3
594,2020-04-17,04:37,경북,군위,기,0.2
595,2020-04-16,21:23,경북,봉화,기,0.1
597,2020-04-16,17:27,경북,청도,기,0.3
599,2020-04-16,15:23,강원,인제,입,0.01
601,2020-04-16,14:05,경북,경주,입,0.01
610,2020-04-15,18:48,울산,동,입,0.5
611,2020-04-15,17:20,경북,군위,건,0.04
612,2020-04-15,14:50,강원,평창,입,0.2
614,2020-04-14,19:36,경북,문경,기,0.05
615,2020-04-14,17:48,강원,철원,입,19
624,2020-04-14,11:12,경북,안동,기,0.5
626,2020-04-13,19:16,강원,화천,쓰,0.09
631,2020-04-13,12:10,강원,횡성,건,1.3
640,2020-04-11,14:34,강원,횡성,담,0.01
643,2020-04-10,11:56,강원,평창,기,0.3
644,2020-04-10,11:51,강원,원주,기,0.5
652,2020-04-09,13:11,울산,울주,입,0.1
654,2020-04-09,10:40,경북,경주,입,0.33
655,2020-04-09,10:29,울산,동,입,0.01
656,2020-04-09,09:20,경북,경주,입,0.2
657,2020-04-09,03:51,경북,경주,기,0.1
662,2020-04-08,13:36,강원,원주,기,1.5
664,2020-04-08,13:03,경북,봉화,건,0.1
667,2020-04-08,12:30,강원,영월,기,11.91
668,2020-04-08,11:15,경북,청송,입,48.2
673,2020-04-07,13:09,경북,의성,기,0.01
676,2020-04-06,14:15,경북,청도,기,0.1
678,2020-04-06,13:58,경북,문경,기,0.3
682,2020-04-05,18:40,경북,영양,쓰,0.1
684,2020-04-05,15:21,울산,울주,기,0.1
685,2020-04-05,15:05,경북,칠곡,기,0.02
697,2020-04-04,17:34,경북,봉화,기,0.1
698,2020-04-04,16:52,강원,춘천,기,0.3
701,2020-04-04,15:28,경북,영양,입,1.7
705,2020-04-04,05:50,강원,횡성,기,0.08
706,2020-04-04,03:26,강원,삼척,기,0.5
709,2020-04-03,14:44,강원,홍천,입,0.1
710,2020-04-03,14:38,경북,성주,기,0.2
711,2020-04-03,14:20,경북,상주,입,0.01
713,2020-04-03,10:58,경북,포항,담,0.03
715,2020-04-02,19:20,강원,횡성,건,0.05
721,2020-04-02,11:36,경북,김천,입,0.44
727,2020-04-01,11:44,강원,평창,기,0.05
729,2020-03-31,13:00,강원,철원,입,2.11
741,2020-03-26,12:27,강원,철원,입,9.85
742,2020-03-26,11:03,강원,양양,쓰,0.8
745,2020-03-25,22:15,경북,봉화,기,0.1
748,2020-03-25,16:01,강원,영월,쓰,1.4
749,2020-03-25,15:46,경북,칠곡,기,0.3
754,2020-03-25,14:03,경북,안동,기,13.2
755,2020-03-25,13:45,경북,영주,쓰,1
763,2020-03-24,15:16,경북,문경,기,0.1
764,2020-03-24,15:15,경북,상주,기,0.3
769,2020-03-24,12:23,경북,안동,기,0.05
770,2020-03-24,08:19,경북,영양,쓰,0.02
772,2020-03-23,20:05,경북,구미,기,0.4
774,2020-03-23,16:53,경북,경주,입,0.07
779,2020-03-23,13:09,울산,울주,쓰,10.59
788,2020-03-22,13:14,경북,안동,기,18.3
791,2020-03-22,12:10,경북,봉화,쓰,0.1
795,2020-03-21,15:36,강원,횡성,기,0.05
796,2020-03-21,14:08,울산,울주,입,0.1
803,2020-03-21,12:05,경북,상주,쓰,0.1
810,2020-03-20,15:58,경북,김천,입,0.05
815,2020-03-20,09:59,경북,영주,건,0.02
817,2020-03-19,18:10,경북,청도,담,0.5
825,2020-03-19,13:51,울산,울주,입,519
826,2020-03-19,13:16,경북,의성,쓰,0.2
827,2020-03-19,12:38,강원,원주,기,2.2
828,2020-03-19,12:13,경북,예천,담,0.14
832,2020-03-19,07:11,강원,원주,기,0.7
841,2020-03-18,11:06,경북,안동,건,0.03
845,2020-03-17,12:11,경북,경주,입,0.03
853,2020-03-15,15:15,경북,청도,기,0.2
855,2020-03-15,14:52,강원,강릉,입,0.04
856,2020-03-15,14:29,강원,홍천,기,0.43
860,2020-03-14,17:36,울산,중,입,0.01
863,2020-03-14,15:02,경북,의성,기,0.2
865,2020-03-14,13:10,경북,고령,기,0.27
876,2020-03-08,16:05,강원,춘천,기,0.1
877,2020-03-08,15:34,경북,안동,쓰,0.01
880,2020-03-08,14:12,강원,화천,쓰,0.67
881,2020-03-08,13:20,강원,홍천,입,0.05
885,2020-03-06,17:39,울산,남,입,0.01
887,2020-03-06,14:34,경북,영덕,쓰,0.01
890,2020-03-06,13:08,경북,안동,기,0.02
894,2020-03-05,13:31,경북,예천,기,1.35
902,2020-02-24,12:58,강원,춘천,기,0.1
903,2020-02-23,09:43,경북,봉화,건,0.1
906,2020-02-20,14:50,울산,울주,기,0.05
907,2020-02-19,19:27,경북,구미,기,0.01
908,2020-02-15,13:37,경북,포항,입,0.18
910,2020-02-11,22:37,경북,군위,기,0.15
915,2020-02-11,11:34,경북,안동,담,0.08
922,2020-02-09,20:49,경북,청송,건,0.01
923,2020-02-09,18:48,강원,원주,담,0.4
930,2020-02-08,12:02,강원,강릉,쓰,0.03
931,2020-02-08,07:05,강원,춘천,쓰,0.03
939,2020-02-01,18:14,경북,봉화,기,0.02
940,2020-02-01,15:23,경북,봉화,기,0.1
942,2020-01-31,13:20,강원,홍천,기,0.01
947,2020-01-27,11:15,경북,문경,기,0.06
953,2020-01-23,12:52,강원,횡성,기,0.1
955,2020-01-22,14:16,경북,봉화,건,0.01
963,2020-01-15,13:46,강원,양양,기,0.02
967,2020-01-04,14:49,강원,정선,입,0.04
968,2020-01-04,13:54,강원,춘천,담,34.26
969,2020-01-03,12:22,강원,춘천,입,0.7
970,2020-01-01,13:00,강원,강릉,쓰,0.02
971,2019-12-31,03:02,강원,고성,기,0.5
972,2019-12-31,02:56,강원,강릉,입,0.1
975,2019-12-27,19:57,울산,울주,입,1
978,2019-12-24,12:11,강원,평창,기,0.01
980,2019-12-22,15:38,경북,문경,입,0.12
983,2019-12-20,11:40,강원,홍천,쓰,0.04
990,2019-12-13,11:50,경북,김천,건,0.1
991,2019-12-12,11:36,울산,남,건,0.35
992,2019-12-11,19:18,강원,정선,기,2
993,2019-12-11,16:25,강원,인제,기,0.05
995,2019-12-07,14:44,경북,칠곡,건,0.02
996,2019-12-06,08:59,강원,춘천,건,0.5
998,2019-12-05,10:09,강원,삼척,담,0.27
999,2019-12-04,11:30,강원,양구,기,0.1
1001,2019-11-30,13:43,경북,안동,쓰,0.05
1010,2019-11-16,17:00,강원,강릉,기,0.01
1011,2019-11-12,15:08,경북,안동,기,0.1
1020,2019-10-30,12:58,경북,고령,기,0.03
1021,2019-10-27,14:08,경북,군위,기,0.1
1027,2019-10-11,11:55,경북,영덕,쓰,0.05
1032,2019-08-26,12:10,강원,홍천,입,0.08
1033,2019-08-23,12:31,강원,횡성,기,0.22
1035,2019-07-09,18:39,강원,영월,기,0.6
1037,2019-07-09,13:49,강원,원주,담,0.01
1040,2019-07-08,09:38,강원,원주,기,0.1
1041,2019-07-07,16:04,강원,횡성,건,0.07
1051,2019-06-12,15:23,경북,경산,입,0.01
1052,2019-06-06,13:32,경북,경산,쓰,0.03
1053,2019-06-06,12:15,경북,경주,기,0.76
1055,2019-06-05,17:00,경북,경주,입,0.18
1056,2019-06-05,15:53,울산,울주,기,0.02
1058,2019-06-05,12:10,경북,군위,기,0.5
1059,2019-06-04,14:14,강원,정선,입,0.2
1062,2019-06-03,19:21,경북,봉화,건,0.01
1065,2019-05-31,02:50,경북,경주,쓰,1.07
1067,2019-05-30,18:45,경북,영주,입,0.01
1069,2019-05-26,17:46,경북,안동,기,4.7
1073,2019-05-25,16:45,경북,영주,입,0.2
1074,2019-05-24,12:59,강원,영월,입,0.1
1077,2019-05-23,12:37,강원,정선,입,0.1
1078,2019-05-23,10:05,경북,봉화,쓰,0.1
1080,2019-05-21,11:28,경북,포항,입,0.01
1081,2019-05-19,14:20,강원,강릉,입,0.01
1085,2019-05-17,23:14,경북,안동,입,0.03
1086,2019-05-17,14:01,울산,중,입,0.01
1088,2019-05-16,15:55,강원,평창,기,0.02
1090,2019-05-15,11:20,경북,고령,입,0.2
1093,2019-05-14,15:02,울산,북,입,0.03
1095,2019-05-14,08:30,경북,포항,입,0.01
1096,2019-05-13,20:40,경북,상주,입,0.3
1106,2019-05-12,11:59,강원,정선,기,0.1
1107,2019-05-12,11:43,경북,경산,입,0.01
1110,2019-05-11,22:24,경북,청송,입,0.1
1111,2019-05-11,17:50,강원,홍천,입,0.28
1114,2019-05-11,14:36,강원,정선,입,0.1
1116,2019-05-11,13:08,경북,상주,입,0.01
1119,2019-05-11,09:35,경북,청송,입,0.01
1122,2019-05-10,23:55,경북,영주,입,0.1
1125,2019-05-10,10:21,울산,중,입,0.03
1126,2019-05-10,09:34,강원,고성,기,0.54
1128,2019-05-09,19:11,경북,영양,입,0.02
1134,2019-05-08,11:28,울산,동,입,0.03
1138,2019-05-07,15:40,강원,홍천,기,1.9
1140,2019-05-07,11:47,강원,춘천,입,2
1142,2019-05-06,17:50,강원,원주,입,0.1
1145,2019-05-06,14:08,강원,홍천,입,0.02
1153,2019-05-05,14:25,강원,인제,기,5.2
1154,2019-05-05,11:40,강원,횡성,입,0.15
1155,2019-05-05,03:22,강원,춘천,입,0.05
1158,2019-05-03,14:44,강원,춘천,입,0.05
1160,2019-05-03,11:00,경북,경주,입,0.01
1161,2019-05-02,16:28,강원,횡성,건,0.02
1162,2019-05-02,14:21,강원,춘천,입,0.2
1166,2019-04-23,08:53,경북,문경,기,0.01
1172,2019-04-22,12:19,강원,화천,쓰,0.26
1174,2019-04-21,11:31,경북,울진,입,2.53
1181,2019-04-20,12:27,강원,춘천,입,0.03
1182,2019-04-20,12:07,경북,문경,기,0.01
1189,2019-04-18,13:51,경북,상주,기,0.1
1191,2019-04-18,10:53,경북,포항,기,0.1
1196,2019-04-17,13:52,강원,영월,담,0.2
1198,2019-04-17,13:17,경북,청도,쓰,0.1
1203,2019-04-16,16:14,강원,홍천,기,0.08
1207,2019-04-16,11:44,강원,고성,입,0.09
1208,2019-04-15,22:15,경북,경주,건,1.2
1210,2019-04-15,17:10,경북,안동,기,0.15
1212,2019-04-15,10:55,경북,경산,입,0.01
1220,2019-04-12,20:58,강원,양구,기,0.57
1230,2019-04-08,14:45,강원,인제,입,0.5
1236,2019-04-07,16:30,경북,예천,기,1
1241,2019-04-07,10:39,강원,영월,기,0.3
1243,2019-04-07,06:21,경북,경주,입,1.02
1245,2019-04-06,17:14,경북,문경,기,0.01
1246,2019-04-06,14:57,경북,상주,기,0.1
1247,2019-04-06,13:45,경북,영천,입,0.5
1248,2019-04-06,13:29,경북,포항,입,0.01
1249,2019-04-06,13:27,경북,영천,기,2
1251,2019-04-06,12:09,경북,영천,기,0.1
1258,2019-04-05,15:15,경북,영천,기,0.1
1260,2019-04-05,09:24,경북,포항,입,0.16
1261,2019-04-05,02:50,경북,포항,기,3.6
1263,2019-04-04,23:46,강원,강릉,기,1260.15
1266,2019-04-04,19:17,강원,고성,기,1266.62
1268,2019-04-04,16:16,강원,원주,쓰,0.7
1271,2019-04-04,14:45,강원,인제,쓰,344.93
1272,2019-04-04,14:33,경북,포항,입,0.21
1273,2019-04-04,14:31,경북,의성,기,0.01
1276,2019-04-04,13:30,강원,횡성,기,0.05
1278,2019-04-04,12:31,경북,봉화,입,4
1284,2019-04-03,19:52,경북,포항,입,9.6
1286,2019-04-03,15:08,경북,구미,건,0.1
1288,2019-04-03,14:22,강원,횡성,기,0.7
1298,2019-04-03,10:40,경북,구미,기,0.3
1299,2019-04-02,17:17,경북,울진,건,0.15
1308,2019-04-02,12:09,경북,울진,기,0.04
1311,2019-04-01,19:00,강원,홍천,쓰,0.02
1314,2019-04-01,11:44,울산,울주,입,0.06
1318,2019-03-31,16:54,경북,포항,기,0.02
1321,2019-03-29,16:23,경북,예천,쓰,1
1323,2019-03-29,14:59,경북,의성,기,18.44
1328,2019-03-27,17:47,경북,구미,기,22
1333,2019-03-27,13:59,경북,고령,기,0.7
1334,2019-03-27,13:17,경북,예천,기,1
1335,2019-03-27,13:03,경북,안동,쓰,0.3
1336,2019-03-27,12:40,경북,칠곡,쓰,0.1
1343,2019-03-26,14:45,경북,의성,입,0.05
1345,2019-03-26,14:24,경북,의성,기,0.2
1346,2019-03-26,14:20,울산,북,입,0.1
1349,2019-03-23,14:49,경북,안동,쓰,0.1
1350,2019-03-22,14:55,경북,구미,입,0.2
1351,2019-03-20,18:39,경북,울진,기,0.07
1355,2019-03-19,14:39,경북,문경,쓰,0.06
1357,2019-03-19,10:58,경북,문경,쓰,3
1363,2019-03-17,12:53,경북,포항,쓰,0.02
1364,2019-03-17,12:40,강원,속초,기,1.3
1373,2019-03-15,08:00,경북,칠곡,입,0.24
1375,2019-03-14,17:32,경북,울진,기,0.04
1376,2019-03-14,14:46,경북,문경,기,0.06
1378,2019-03-14,11:58,경북,문경,기,0.3
1380,2019-03-13,18:59,강원,춘천,쓰,0.02
1389,2019-03-13,10:47,강원,강릉,입,0.01
1390,2019-03-12,15:00,강원,춘천,기,0.1
1403,2019-03-09,10:50,경북,경주,기,0.89
1404,2019-03-09,07:50,강원,강릉,쓰,0.1
1407,2019-03-08,17:15,강원,홍천,기,0.02
1413,2019-03-08,12:05,경북,상주,기,0.03
1415,2019-03-07,12:50,경북,봉화,기,0.06
1422,2019-03-06,13:49,강원,강릉,건,0.06
1424,2019-03-05,14:11,경북,문경,담,0.01
1429,2019-03-04,13:34,강원,횡성,쓰,0.1
1430,2019-03-04,12:40,강원,홍천,쓰,0.6
1434,2019-03-03,11:45,강원,원주,쓰,0.1
1437,2019-03-03,11:10,경북,울릉,담,0.1
1438,2019-03-03,10:28,경북,영천,기,0.03
1443,2019-03-02,16:08,강원,화천,건,0.98
1444,2019-03-02,14:47,강원,춘천,입,0.08
1451,2019-03-01,13:45,경북,경주,담,0.1
1453,2019-03-01,13:05,경북,성주,기,1.2
1460,2019-02-27,14:12,강원,춘천,기,1
1461,2019-02-27,11:34,강원,평창,쓰,0.1
1472,2019-02-24,14:15,경북,칠곡,입,0.01
1478,2019-02-23,13:37,경북,상주,기,0.05
1480,2019-02-18,17:40,경북,경주,담,0.03
1481,2019-02-18,16:49,경북,봉화,쓰,0.1
1483,2019-02-18,09:32,경북,울진,건,0.46
1484,2019-02-18,04:00,경북,고령,건,0.3
1485,2019-02-17,21:28,경북,포항,입,0.01
1488,2019-02-17,12:28,경북,안동,건,0.15
1490,2019-02-16,01:34,경북,영덕,기,0.5
1491,2019-02-15,16:55,경북,경산,건,0.02
1505,2019-02-09,16:36,경북,포항,입,0.02
1507,2019-02-09,15:50,울산,동,입,0.03
1510,2019-02-09,12:25,경북,구미,입,0.2
1511,2019-02-09,09:20,경북,영천,건,0.1
1512,2019-02-08,14:53,경북,예천,기,0.03
1516,2019-02-02,12:23,경북,문경,담,0.05
1518,2019-01-31,04:26,경북,군위,기,0.3
1520,2019-01-30,17:20,강원,홍천,기,0.05
1521,2019-01-30,16:23,강원,동해,기,0.34
1524,2019-01-29,19:37,경북,영덕,입,1.5
1530,2019-01-29,14:03,경북,고령,입,0.8
1531,2019-01-29,12:58,강원,횡성,쓰,0.4
1538,2019-01-27,18:58,강원,원주,입,0.2
1543,2019-01-27,15:09,경북,군위,쓰,0.1
1546,2019-01-27,14:22,강원,춘천,담,3.6
1549,2019-01-27,02:58,강원,원주,담,0.1
1550,2019-01-26,14:15,강원,평창,기,0.05
1554,2019-01-26,06:59,울산,중,담,0.01
1555,2019-01-26,02:57,경북,칠곡,기,0.2
1559,2019-01-25,15:15,강원,원주,기,0.3
1563,2019-01-24,15:48,강원,인제,기,1
1565,2019-01-24,14:28,경북,포항,입,0.06
1566,2019-01-24,06:16,경북,의성,기,0.5
1572,2019-01-22,12:30,강원,태백,기,0.1
1579,2019-01-20,12:30,강원,춘천,기,1.46
1580,2019-01-19,22:40,강원,강릉,기,0.03
1581,2019-01-19,12:19,경북,영양,기,0.4
1584,2019-01-17,16:15,울산,동,입,0.02
1594,2019-01-10,14:20,경북,봉화,기,0.1
1595,2019-01-10,11:17,강원,고성,기,0.35
1599,2019-01-09,13:35,경북,영주,입,0.03
1601,2019-01-09,05:07,경북,포항,기,0.1
1604,2019-01-08,15:05,경북,울진,기,0.2
1609,2019-01-07,06:20,경북,영덕,건,0.1
1610,2019-01-07,05:33,경북,포항,기,0.01
1612,2019-01-06,12:15,경북,예천,기,0.25
1615,2019-01-04,18:56,경북,군위,기,1.5
1616,2019-01-03,13:50,경북,영양,쓰,0.5
1618,2019-01-02,23:23,경북,울진,기,0.01
1620,2019-01-02,05:40,울산,북,입,0.04
1621,2019-01-01,16:12,강원,양양,담,97.94
1623,2019-01-01,12:38,경북,영천,입,0.04
1630,2018-12-30,11:48,경북,상주,기,0.01
1632,2018-12-28,20:43,강원,삼척,건,27
1634,2018-12-28,13:12,경북,안동,건,0.07
1643,2018-12-22,14:17,강원,평창,쓰,0.05
1645,2018-12-21,13:17,경북,포항,기,0.01
1656,2018-11-29,14:50,경북,영천,쓰,0.1
1660,2018-11-26,06:30,강원,삼척,기,0.03
1661,2018-11-23,09:52,강원,삼척,쓰,0.1
1664,2018-11-22,14:24,강원,철원,입,0.1
1671,2018-10-20,16:50,경북,상주,기,0.1
1673,2018-10-18,11:47,경북,고령,입,0.1
1674,2018-10-04,13:30,강원,인제,입,0.01
1677,2018-10-02,11:45,경북,성주,입,0.01
1678,2018-09-30,15:00,경북,상주,입,0.01
1697,2018-08-18,11:04,경북,상주,입,0.01
1698,2018-08-17,13:46,강원,춘천,입,9.4
1704,2018-08-15,12:30,경북,군위,기,31.9
1705,2018-08-15,12:20,강원,횡성,입,0.25
1707,2018-08-09,16:30,경북,상주,입,0.15
1709,2018-08-09,09:50,울산,울주,기,3
1713,2018-08-05,18:28,강원,강릉,입,0.02
1714,2018-08-05,16:35,강원,홍천,입,0.03
1715,2018-08-05,13:48,경북,영양,기,0.01
1716,2018-08-05,10:46,경북,의성,쓰,0.3
1717,2018-08-04,16:40,경북,의성,입,0.05
1719,2018-08-04,05:40,울산,울주,쓰,0.5
1720,2018-08-03,10:28,강원,횡성,입,1.04
1722,2018-08-02,16:10,울산,울주,입,0.03
1726,2018-08-01,08:51,강원,춘천,기,0.1
1727,2018-07-31,15:04,강원,원주,기,0.2
1728,2018-07-31,11:20,경북,청송,입,0.05
1732,2018-07-29,15:15,경북,김천,기,0.06
1733,2018-07-29,13:48,강원,춘천,기,0.86
1734,2018-07-29,10:15,경북,고령,기,1.5
1736,2018-07-24,16:46,경북,영양,기,0.01
1742,2018-06-26,10:31,경북,포항,기,0.02
1743,2018-06-25,15:43,경북,고령,기,0.06
1745,2018-06-24,17:30,강원,홍천,입,0.15
1746,2018-06-24,16:42,강원,홍천,입,1
1747,2018-06-24,15:51,경북,포항,기,0.01
1749,2018-06-24,14:30,경북,경주,입,3
1754,2018-06-23,14:55,경북,안동,쓰,0.07
1755,2018-06-23,14:20,강원,춘천,입,0.01
1756,2018-06-23,13:14,경북,김천,기,0.3
1757,2018-06-23,11:50,경북,칠곡,입,0.02
1758,2018-06-22,18:02,강원,인제,입,0.54
1759,2018-06-22,15:00,강원,양구,입,0.05
1761,2018-06-22,14:00,경북,구미,기,0.05
1767,2018-06-21,14:49,경북,포항,입,0.02
1769,2018-06-21,11:59,경북,칠곡,쓰,0.01
1770,2018-06-18,13:20,경북,안동,기,0.03
1780,2018-06-03,14:05,경북,경주,입,0.1
1785,2018-06-01,14:30,강원,춘천,입,0.01
1787,2018-05-22,10:41,경북,청송,입,0.2
1789,2018-05-01,15:42,경북,고령,입,0.73
1793,2018-04-29,15:29,경북,상주,입,0.1
1796,2018-04-28,13:52,경북,안동,기,0.1
1799,2018-04-22,11:03,경북,안동,기,0.02
1800,2018-04-21,21:35,강원,원주,기,0.5
1802,2018-04-21,16:38,강원,춘천,입,0.5
1803,2018-04-21,16:37,경북,경산,기,0.1
1805,2018-04-21,14:23,경북,문경,입,0.5
1809,2018-04-21,11:35,강원,인제,입,3
1810,2018-04-21,11:13,경북,상주,입,0.01
1812,2018-04-21,10:48,강원,화천,입,0.15
1820,2018-04-20,13:56,경북,상주,기,0.01
1821,2018-04-20,13:38,강원,평창,입,0.08
1822,2018-04-20,12:50,경북,포항,입,0.01
1823,2018-04-19,19:30,강원,양양,기,13.08
1824,2018-04-19,15:58,경북,상주,기,0.1
1825,2018-04-19,14:51,경북,성주,기,0.1
1827,2018-04-19,12:00,경북,영주,기,0.7
1829,2018-04-19,11:42,경북,영천,기,0.2
1831,2018-04-18,15:17,경북,영양,기,0.01
1837,2018-04-17,12:50,경북,경주,입,0.02
1838,2018-04-16,15:55,경북,봉화,기,0.01
1841,2018-04-13,12:51,강원,춘천,쓰,0.02
1842,2018-04-13,10:35,경북,의성,입,0.01
1844,2018-04-12,16:22,울산,울주,기,0.01
1845,2018-04-12,14:58,경북,청도,기,0.1
1847,2018-04-12,14:15,경북,군위,입,0.3
1854,2018-04-09,14:36,강원,삼척,기,0.3
1857,2018-04-09,11:48,경북,안동,기,0.01
1861,2018-04-03,18:37,경북,울진,기,2
1862,2018-04-03,13:45,경북,고령,쓰,16.1
1863,2018-04-03,13:14,경북,봉화,기,0.5
1875,2018-04-01,16:56,경북,군위,기,0.2
1877,2018-04-01,13:00,강원,철원,입,0.1
1883,2018-03-31,12:25,경북,울진,기,0.2
1887,2018-03-30,15:13,경북,상주,담,0.01
1895,2018-03-29,11:45,경북,포항,쓰,0.2
1898,2018-03-28,12:36,경북,영양,기,12.4
1902,2018-03-28,10:25,경북,경주,기,0.4
1905,2018-03-28,06:19,강원,고성,기,356.85
1906,2018-03-27,23:47,경북,봉화,기,0.1
1908,2018-03-27,14:05,울산,울주,건,0.5
1910,2018-03-27,11:58,경북,영천,기,0.01
1913,2018-03-26,16:34,경북,봉화,기,0.1
1916,2018-03-26,14:11,경북,경주,기,0.16
1920,2018-03-26,11:35,경북,경주,기,1.2
1921,2018-03-25,21:20,강원,삼척,건,0.2
1922,2018-03-25,19:55,강원,원주,입,0.3
1928,2018-03-24,14:15,경북,경산,쓰,0.06
1932,2018-03-22,14:30,강원,춘천,건,1.1
1934,2018-03-14,19:50,울산,울주,기,0.01
1937,2018-03-14,14:40,경북,상주,쓰,0.1
1938,2018-03-14,14:34,강원,춘천,기,0.2
1940,2018-03-14,12:24,경북,김천,기,2.5
1943,2018-03-13,14:15,경북,경주,기,1.4
1951,2018-03-12,14:30,경북,안동,기,0.02
1968,2018-02-26,17:40,경북,의성,기,0.02
1978,2018-02-26,13:08,경북,상주,쓰,0.05
1980,2018-02-26,12:05,경북,청도,기,0.02
1986,2018-02-23,15:43,울산,울주,기,0.01
1987,2018-02-22,16:02,경북,청도,쓰,0.13
1989,2018-02-22,10:40,경북,영양,건,0.2
1994,2018-02-21,12:35,울산,울주,입,0.06
1995,2018-02-21,10:20,경북,경주,입,0.01
1996,2018-02-21,04:55,경북,청도,입,0.1
1997,2018-02-20,15:56,강원,정선,기,0.1
2005,2018-02-19,15:03,강원,원주,건,0.5
2006,2018-02-19,14:35,경북,봉화,기,0.1
2007,2018-02-19,12:49,경북,영천,쓰,0.2
2011,2018-02-17,21:00,경북,경주,입,0.04
2018,2018-02-17,14:20,경북,영덕,기,7
2020,2018-02-17,11:30,경북,영천,기,1
2021,2018-02-17,11:18,경북,영주,기,0.05
2024,2018-02-16,18:59,경북,칠곡,기,0.01
2027,2018-02-16,14:11,강원,평창,기,0.5
2028,2018-02-16,14:08,경북,예천,기,0.81
2030,2018-02-15,15:07,경북,안동,기,0.2
2035,2018-02-15,14:07,울산,울주,입,0.04
2044,2018-02-12,15:19,경북,울진,기,0.01
2046,2018-02-12,12:12,강원,횡성,기,0.1
2047,2018-02-12,09:15,울산,울주,기,0.02
2049,2018-02-11,21:27,강원,삼척,기,76.46
2050,2018-02-11,16:14,강원,삼척,건,161.14
2052,2018-02-11,14:54,경북,칠곡,쓰,0.5
2053,2018-02-11,14:30,경북,영천,건,1
2056,2018-02-11,13:25,강원,영월,건,0.2
2062,2018-02-10,07:20,경북,영덕,기,13
2064,2018-02-09,19:38,경북,포항,기,0.06
2067,2018-02-09,06:15,강원,춘천,기,0.01
2068,2018-02-08,17:47,울산,동,건,0.2
2069,2018-02-08,15:00,강원,양구,입,0.06
2073,2018-02-06,13:40,경북,영양,기,0.2
2077,2018-02-05,15:45,경북,포항,건,0.01
2080,2018-02-04,13:11,울산,울주,담,0.5
2084,2018-02-03,13:22,경북,문경,기,0.09
2087,2018-02-01,14:35,경북,김천,입,0.03
2088,2018-02-01,13:40,강원,홍천,입,0.02
2090,2018-02-01,06:12,경북,영천,건,0.2
2093,2018-01-30,14:00,경북,영주,담,1
2095,2018-01-29,16:50,경북,의성,기,0.02
2107,2018-01-14,19:53,강원,양양,건,17.73
2108,2018-01-14,12:30,경북,칠곡,쓰,0.1
2109,2018-01-10,21:38,강원,양양,건,0.02
2115,2018-01-03,14:15,경북,예천,담,0.89
2118,2018-01-02,20:40,강원,원주,입,0.01
2123,2017-12-28,09:52,울산,남,입,0.03
2124,2017-12-28,06:40,경북,경산,기,0.9
2130,2017-12-23,05:30,경북,봉화,기,0.9
2131,2017-12-22,16:50,강원,양양,기,0.81
2133,2017-12-22,15:33,경북,안동,기,0.05
2134,2017-12-21,21:47,경북,포항,건,3
2135,2017-12-21,16:52,경북,안동,입,0.02
2137,2017-12-20,08:15,경북,경주,기,0.06
2138,2017-12-19,16:45,경북,의성,기,0.05
2139,2017-12-19,14:00,경북,고령,입,1.5
2141,2017-12-18,12:20,경북,의성,기,0.05
2142,2017-12-18,10:50,경북,성주,건,0.02
2143,2017-12-18,10:10,경북,칠곡,쓰,0.01
2146,2017-12-16,17:25,경북,영천,기,1.89
2147,2017-12-16,10:45,경북,김천,기,0.04
2151,2017-12-13,15:00,경북,성주,건,0.05
2153,2017-12-12,23:53,울산,북,건,18
2154,2017-12-12,15:00,경북,군위,기,0.5
2158,2017-12-09,18:25,경북,경주,입,0.01
2159,2017-12-09,15:05,울산,울주,입,0.02
2161,2017-12-05,10:46,경북,구미,기,0.02
2163,2017-12-04,19:38,강원,양양,건,1.86
2165,2017-12-02,21:04,강원,원주,기,0.2
2169,2017-12-01,12:55,경북,경주,쓰,0.8
2170,2017-11-30,18:17,경북,포항,쓰,0.1
2172,2017-11-30,17:20,경북,구미,입,0.6
2176,2017-11-30,11:14,강원,홍천,쓰,0.05
2181,2017-11-26,21:05,경북,경주,기,0.05
2184,2017-11-25,14:15,경북,경주,입,0.03
2186,2017-11-23,13:20,경북,칠곡,기,0.01
2187,2017-11-23,05:40,경북,영천,입,0.8
2191,2017-11-20,11:58,강원,영월,쓰,0.3
2193,2017-11-20,10:19,울산,중,입,0.03
2194,2017-11-20,05:00,경북,포항,기,0.1
2195,2017-11-19,13:56,경북,경주,입,0.01
2196,2017-11-19,13:36,강원,정선,입,0.05
2200,2017-11-17,07:04,경북,포항,기,0.01
2202,2017-11-16,15:08,강원,홍천,입,0.5
2203,2017-11-16,14:49,경북,성주,기,0.05
2206,2017-11-16,13:15,강원,평창,입,0.09
2208,2017-11-15,15:30,경북,성주,쓰,0.04
2211,2017-11-11,18:20,경북,포항,담,0.1
2219,2017-11-01,03:40,경북,김천,기,0.3
2230,2017-07-20,12:30,경북,경주,기,0.01
2235,2017-06-23,16:23,경북,고령,입,0.04
2237,2017-06-23,14:30,강원,횡성,입,0.01
2238,2017-06-23,14:24,경북,김천,기,0.03
2243,2017-06-22,16:52,강원,양양,입,0.02
2245,2017-06-22,14:24,경북,문경,기,0.01
2249,2017-06-21,14:37,강원,철원,입,0.01
2253,2017-06-19,21:14,강원,홍천,쓰,0.24
2255,2017-06-19,17:17,경북,의성,기,0.2
2257,2017-06-19,15:30,경북,군위,기,0.05
2261,2017-06-19,12:02,강원,강릉,입,0.01
2263,2017-06-18,15:47,경북,울진,쓰,0.01
2264,2017-06-18,13:30,경북,경주,입,0.01
2267,2017-06-18,10:55,경북,칠곡,쓰,0.01
2269,2017-06-17,19:15,경북,안동,기,0.2
2270,2017-06-17,17:45,강원,횡성,기,0.01
2273,2017-06-17,11:32,울산,중,입,0.05
2277,2017-06-16,16:24,경북,경주,입,0.01
2278,2017-06-16,15:34,경북,상주,기,0.02
2281,2017-06-15,14:05,경북,울진,입,0.5
2287,2017-06-11,15:43,경북,영천,기,0.15
2288,2017-06-09,16:40,경북,영양,입,0.01
2289,2017-06-06,13:05,경북,의성,건,0.05
2291,2017-06-05,15:00,경북,영덕,기,0.01
2296,2017-06-04,23:37,경북,영주,입,0.3
2300,2017-06-04,12:20,강원,철원,담,0.01
2301,2017-06-04,12:07,경북,성주,쓰,24.18
2302,2017-06-04,11:58,강원,화천,입,0.1
2303,2017-06-04,10:50,강원,인제,입,0.3
2304,2017-06-03,14:00,경북,봉화,기,0.03
2306,2017-06-03,11:44,경북,안동,기,0.03
2308,2017-06-03,05:30,강원,춘천,기,0.2
2309,2017-06-02,19:00,경북,울진,기,0.3
2312,2017-06-02,14:50,강원,강릉,입,0.06
2313,2017-06-02,13:10,경북,울진,기,0.01
2315,2017-06-01,17:28,경북,칠곡,입,0.01
2316,2017-06-01,00:50,강원,원주,담,0.3
2319,2017-05-30,12:25,경북,봉화,쓰,0.03
2320,2017-05-30,11:20,경북,봉화,기,0.1
2322,2017-05-29,13:00,경북,영양,기,0.05
2325,2017-05-28,14:51,경북,울진,건,0.1
2327,2017-05-28,13:35,경북,경주,입,0.01
2329,2017-05-27,16:34,경북,김천,기,0.05
2332,2017-05-27,12:33,경북,김천,입,1
2333,2017-05-27,11:03,강원,평창,쓰,0.08
2337,2017-05-26,11:07,강원,춘천,쓰,0.01
2339,2017-05-25,13:31,경북,청송,기,0.05
2340,2017-05-25,10:40,강원,춘천,기,0.05
2342,2017-05-23,17:34,경북,경주,입,0.04
2347,2017-05-22,03:00,경북,문경,기,0.5
2349,2017-05-21,12:30,강원,인제,입,0.1
2354,2017-05-20,15:25,강원,화천,입,0.06
2355,2017-05-20,12:39,강원,정선,입,0.04
2356,2017-05-20,11:10,강원,양구,입,0.1
2358,2017-05-19,13:32,강원,강릉,담,0.06
2359,2017-05-19,12:25,경북,봉화,기,0.7
2360,2017-05-19,04:50,경북,포항,입,0.1
2362,2017-05-09,14:50,강원,원주,입,0.03
2363,2017-05-08,14:50,강원,홍천,입,0.05
2364,2017-05-07,19:50,경북,영주,기,0.05
2365,2017-05-07,19:47,강원,춘천,기,0.01
2366,2017-05-07,19:14,강원,춘천,입,0.1
2367,2017-05-07,14:45,경북,영덕,담,5.9
2371,2017-05-06,16:30,경북,문경,기,1.5
2374,2017-05-06,15:32,강원,강릉,입,252
2376,2017-05-06,14:24,강원,홍천,건,0.47
2377,2017-05-06,14:19,경북,예천,쓰,0.1
2379,2017-05-06,14:10,경북,상주,기,86
2380,2017-05-06,13:59,강원,고성,입,0.02
2384,2017-05-06,11:50,경북,영양,기,0.01
2385,2017-05-06,11:42,강원,삼척,입,765.12
2387,2017-05-05,18:23,강원,홍천,입,0.01
2390,2017-05-05,15:04,강원,강릉,입,0.05
2391,2017-05-05,14:50,강원,정선,입,0.1
2392,2017-05-05,13:30,경북,영양,입,1
2394,2017-05-03,20:27,강원,영월,입,0.1
2397,2017-05-03,17:19,강원,영월,입,0.01
2398,2017-05-03,17:02,강원,홍천,기,0.05
2401,2017-05-03,15:23,경북,상주,입,0.1
2402,2017-05-03,14:30,강원,영월,입,0.5
2407,2017-05-03,11:17,강원,홍천,입,1.3
2411,2017-05-02,15:01,강원,고성,입,0.05
2412,2017-05-02,14:54,강원,홍천,쓰,0.3
2413,2017-05-02,13:20,강원,원주,입,0.05
2415,2017-05-02,12:30,강원,원주,기,0.1
2417,2017-05-01,14:40,강원,고성,입,0.05
2420,2017-05-01,12:30,강원,인제,기,0.5
2428,2017-04-30,09:50,경북,문경,입,0.1
2430,2017-04-29,18:33,강원,춘천,기,0.5
2432,2017-04-29,15:57,강원,춘천,입,0.01
2437,2017-04-29,12:24,강원,춘천,입,0.02
2439,2017-04-29,10:22,경북,경주,입,0.3
2440,2017-04-29,05:20,강원,고성,입,0.1
2441,2017-04-28,18:22,경북,칠곡,입,1.25
2443,2017-04-28,14:00,강원,홍천,입,0.1
2445,2017-04-28,13:19,경북,칠곡,입,0.3
2452,2017-04-27,14:25,경북,안동,입,0.01
2459,2017-04-26,15:20,강원,홍천,입,0.2
2462,2017-04-26,12:18,경북,예천,기,0.06
2469,2017-04-24,13:59,강원,강릉,담,0.3
2475,2017-04-23,15:35,경북,울진,입,0.1
2476,2017-04-23,15:35,강원,속초,기,0.01
2478,2017-04-23,14:03,강원,양구,기,0.12
2479,2017-04-23,13:11,강원,영월,쓰,0.2
2481,2017-04-23,03:08,강원,횡성,기,0.06
2484,2017-04-20,11:30,강원,고성,입,0.01
2493,2017-04-13,16:15,경북,문경,입,0.01
2494,2017-04-13,15:41,강원,고성,기,0.02
2495,2017-04-13,12:10,경북,예천,기,0.1
2498,2017-04-13,11:12,강원,춘천,담,0.35
2506,2017-04-12,08:40,강원,철원,기,0.01
2508,2017-04-10,16:50,강원,철원,입,0.01
2509,2017-04-10,15:24,울산,울주,기,0.03
2514,2017-04-10,11:20,강원,원주,기,0.2
2516,2017-04-08,13:28,강원,영월,기,0.3
2520,2017-04-04,19:40,강원,철원,입,0.1
2545,2017-03-30,15:21,강원,홍천,기,0.51
2546,2017-03-30,15:10,강원,춘천,기,0.01
2572,2017-03-23,13:56,경북,의성,기,1.5
2573,2017-03-23,13:42,강원,횡성,기,0.5
2577,2017-03-22,17:54,강원,화천,입,0.15
2578,2017-03-22,16:38,강원,인제,입,0.01
2579,2017-03-22,16:35,경북,문경,기,0.15
2581,2017-03-22,16:02,경북,봉화,입,2.2
2586,2017-03-21,14:35,경북,예천,기,0.5
2588,2017-03-19,18:14,강원,춘천,기,0.05
2596,2017-03-19,14:25,강원,영월,쓰,0.2
2597,2017-03-19,14:16,경북,김천,기,0.03
2606,2017-03-19,12:45,경북,안동,기,0.1
2607,2017-03-19,11:35,경북,청송,기,0.03
2609,2017-03-19,10:58,강원,화천,기,1.5
2610,2017-03-19,10:48,경북,안동,건,0.1
2611,2017-03-19,10:44,강원,평창,건,0.3
2615,2017-03-18,16:50,강원,원주,건,0.03
2626,2017-03-18,13:00,강원,고성,입,0.1
2633,2017-03-17,13:46,강원,철원,쓰,0.1
2651,2017-03-15,11:02,강원,춘천,입,0.05
2653,2017-03-14,18:30,경북,경주,입,0.3
2654,2017-03-14,15:11,강원,홍천,입,0.5
2657,2017-03-14,12:26,강원,춘천,기,0.3
2658,2017-03-14,12:15,강원,화천,입,0.1
2663,2017-03-13,16:15,경북,구미,입,0.01
2664,2017-03-13,15:38,강원,영월,기,0.3
2668,2017-03-13,12:23,경북,청송,입,0.2
2670,2017-03-12,17:45,강원,춘천,쓰,0.3
2675,2017-03-12,12:34,경북,경주,기,0.03
2680,2017-03-11,16:28,강원,홍천,입,0.05
2685,2017-03-11,15:13,경북,영천,기,5.2
2686,2017-03-11,14:58,강원,양구,기,0.3
2690,2017-03-11,14:15,경북,문경,기,0.09
2692,2017-03-11,13:46,경북,의성,기,0.2
2701,2017-03-10,21:30,강원,홍천,기,0.2
2704,2017-03-10,14:20,경북,문경,기,0.03
2705,2017-03-10,13:55,경북,영양,기,0.5
2706,2017-03-10,13:40,경북,청도,쓰,0.03
2708,2017-03-10,12:50,강원,삼척,건,0.1
2712,2017-03-10,11:35,강원,춘천,입,0.01
2717,2017-03-09,12:14,경북,영주,기,0.05
2718,2017-03-09,10:28,강원,강릉,입,160.41
2728,2017-03-04,15:00,경북,영주,기,2
2731,2017-03-03,21:20,강원,홍천,기,0.01
2735,2017-02-28,13:10,경북,안동,쓰,0.8
2736,2017-02-28,13:00,강원,원주,쓰,0.1
2737,2017-02-28,10:53,강원,홍천,쓰,0.2
2743,2017-02-22,09:15,강원,강릉,입,0.01
2744,2017-02-21,14:53,울산,동,입,0.1
2746,2017-02-21,11:56,강원,강릉,입,0.03
2748,2017-02-19,16:15,울산,울주,기,0.1
2749,2017-02-19,15:10,경북,군위,쓰,0.2
2753,2017-02-18,12:12,울산,북,입,0.5
2754,2017-02-16,16:35,경북,상주,기,0.1
2757,2017-02-16,15:12,울산,울주,기,0.1
2768,2017-02-12,14:56,경북,청송,입,0.1
2774,2017-02-10,12:50,경북,안동,입,0.01
2782,2017-02-04,13:10,경북,구미,기,0.3
2783,2017-02-04,13:09,경북,영덕,담,0.98
2786,2017-02-03,10:25,경북,경주,입,0.1
2788,2017-02-02,11:43,경북,칠곡,입,0.05
2793,2017-01-26,15:30,경북,안동,기,0.1
2797,2017-01-25,15:10,울산,남,입,0.04
2800,2017-01-19,18:55,강원,강릉,건,0.05
2803,2017-01-16,13:39,강원,양양,쓰,0.02
2806,2017-01-14,21:44,강원,양양,기,0.07
2807,2017-01-12,16:19,강원,강릉,입,0.03
2808,2017-01-11,20:25,경북,영양,쓰,0.5
2809,2017-01-11,14:22,강원,춘천,기,0.05
2813,2016-12-17,12:55,경북,영덕,입,1.6
2818,2016-12-09,17:50,경북,고령,입,0.16
2822,2016-12-02,12:37,강원,철원,입,0.02
2825,2016-11-29,04:35,강원,강릉,기,0.01
2826,2016-11-25,17:45,강원,횡성,기,0.03
2830,2016-11-21,04:29,강원,강릉,기,0.01
2831,2016-11-16,09:41,경북,봉화,입,0.01
2832,2016-11-14,12:33,강원,삼척,기,0.01
2835,2016-09-20,14:10,강원,춘천,입,0.01
2839,2016-08-27,15:50,경북,영천,기,0.1
2846,2016-08-23,16:28,강원,원주,기,0.03
2847,2016-08-21,18:40,경북,칠곡,기,0.4
2848,2016-08-18,15:55,강원,횡성,입,0.04
2850,2016-08-14,08:59,경북,안동,쓰,0.02
2852,2016-08-11,10:42,경북,경주,기,0.6
2854,2016-06-30,16:37,경북,봉화,입,0.1
2855,2016-06-29,14:30,강원,횡성,기,0.3
2856,2016-06-28,17:50,경북,영양,기,0.05
2857,2016-06-28,13:22,경북,울진,기,0.01
2858,2016-06-20,15:45,강원,원주,입,0.05
2859,2016-06-18,15:30,경북,경주,쓰,0.03
2860,2016-06-17,13:10,강원,춘천,입,0.01
2864,2016-06-10,13:07,강원,정선,기,0.2
2865,2016-06-10,12:55,강원,홍천,쓰,0.1
2866,2016-06-06,14:50,강원,인제,입,0.01
2867,2016-06-06,12:48,강원,강릉,기,0.1
2873,2016-06-05,10:46,강원,인제,건,0.1
2874,2016-06-05,09:00,경북,청송,입,0.1
2875,2016-06-04,11:05,강원,화천,입,0.01
2876,2016-06-04,06:07,강원,고성,기,0.3
2877,2016-06-03,11:45,강원,인제,입,0.1
2878,2016-06-03,11:10,강원,삼척,입,0.5
2880,2016-06-02,13:55,경북,봉화,기,0.1
2882,2016-05-30,13:45,강원,평창,쓰,1
2886,2016-05-22,12:54,경북,울진,입,0.05
2888,2016-05-21,19:55,강원,양구,쓰,0.05
2889,2016-05-21,15:04,강원,춘천,기,0.01
2891,2016-05-20,15:18,강원,원주,입,0.08
2893,2016-05-18,13:14,강원,양양,기,0.05
2894,2016-05-15,13:12,강원,정선,입,0.1
2895,2016-05-14,15:20,강원,정선,기,2
2897,2016-05-14,12:35,강원,정선,기,0.3
2898,2016-05-12,17:24,강원,삼척,기,0.05
2899,2016-05-09,13:23,강원,영월,기,0.2
2900,2016-05-07,16:44,경북,봉화,입,0.4
2901,2016-05-07,16:40,강원,삼척,입,0.03
2902,2016-05-01,08:35,강원,평창,입,0.01
2903,2016-04-30,19:05,강원,강릉,입,0.03
2907,2016-04-26,12:35,강원,인제,쓰,0.09
2908,2016-04-25,23:07,경북,청도,기,0.02
2910,2016-04-24,10:35,강원,삼척,입,0.37
2912,2016-04-16,15:13,강원,삼척,입,0.2
2923,2016-04-11,12:51,강원,춘천,담,0.7
2931,2016-04-09,15:32,강원,고성,입,0.08
2934,2016-04-06,19:40,강원,홍천,입,0.8
2939,2016-04-06,15:10,강원,원주,기,0.05
2942,2016-04-05,16:12,경북,청송,기,0.1
2947,2016-04-04,17:52,강원,화천,입,0.01
2951,2016-04-02,19:42,경북,예천,기,66.5
2952,2016-04-02,19:05,강원,평창,기,4.6
2955,2016-04-02,15:24,강원,영월,기,1
2960,2016-04-02,14:20,강원,홍천,기,3.9
2967,2016-04-02,13:05,울산,중,기,0.01
2974,2016-04-01,16:48,강원,횡성,쓰,0.5
2984,2016-04-01,12:45,강원,양구,입,14.4
2986,2016-04-01,11:20,강원,평창,쓰,0.2
2988,2016-04-01,10:06,강원,철원,건,0.2
2995,2016-03-31,12:52,강원,화천,입,1.5
2997,2016-03-30,17:47,경북,안동,기,0.02
3001,2016-03-30,14:46,경북,상주,기,92.6
3003,2016-03-30,13:21,경북,의성,입,0.4
3012,2016-03-28,18:15,강원,원주,쓰,0.03
3023,2016-03-28,13:03,강원,철원,입,2
3025,2016-03-28,11:24,경북,상주,기,0.6
3028,2016-03-27,16:18,경북,영양,기,0.7
3032,2016-03-27,12:17,경북,안동,기,0.2
3034,2016-03-27,11:43,강원,화천,쓰,0.3
3036,2016-03-25,12:17,경북,상주,기,0.03
3042,2016-03-24,13:02,강원,원주,담,0.09
3045,2016-03-23,16:30,강원,원주,담,0.03
3061,2016-03-18,13:46,강원,춘천,기,0.6
3064,2016-03-17,19:45,경북,영천,기,0.05
3065,2016-03-17,18:19,경북,영주,기,0.4
3066,2016-03-17,18:02,경북,문경,기,1.5
3072,2016-03-17,12:30,강원,홍천,쓰,0.1
3073,2016-03-17,12:20,강원,강릉,담,0.6
3074,2016-03-17,11:05,경북,상주,기,0.3
3077,2016-03-16,16:55,경북,영덕,담,0.22
3084,2016-03-16,13:08,강원,횡성,쓰,0.04
3086,2016-03-16,11:27,강원,영월,기,0.02
3088,2016-03-15,17:11,강원,화천,입,0.1
3092,2016-03-15,11:56,경북,성주,기,0.1
3093,2016-03-14,16:15,경북,경산,기,0.1
3095,2016-03-06,15:28,강원,정선,쓰,0.1
3096,2016-03-04,17:30,강원,철원,기,0.1
3098,2016-03-04,13:34,강원,춘천,입,0.03
3101,2016-03-03,13:55,경북,안동,쓰,0.1
3103,2016-03-02,18:00,강원,강릉,기,0.1
3105,2016-02-29,10:35,경북,경주,기,0.03
3108,2016-02-26,15:40,강원,영월,쓰,0.05
3109,2016-02-26,14:43,강원,춘천,기,0.01
3115,2016-02-23,17:50,강원,화천,입,0.03
3116,2016-02-23,14:35,경북,예천,기,0.5
3117,2016-02-23,13:52,강원,양구,기,0.5
3118,2016-02-23,13:40,강원,인제,입,1
3119,2016-02-23,11:32,울산,북,기,0.01
3120,2016-02-21,15:15,강원,정선,기,0.3
3124,2016-02-21,09:06,강원,정선,기,0.3
3127,2016-02-18,23:20,강원,동해,기,0.8
3132,2016-02-10,15:15,경북,영양,기,0.2
3134,2016-02-10,13:40,강원,춘천,기,0.02
3138,2016-02-09,17:37,경북,안동,쓰,0.03
3140,2016-02-09,14:50,경북,청도,기,0.06
3144,2016-02-08,19:10,울산,울주,입,0.01
3146,2016-02-08,13:22,강원,횡성,기,3
3147,2016-02-08,12:20,경북,영천,기,0.2
3150,2016-02-07,15:30,경북,영주,기,1.5
3155,2016-02-05,15:56,강원,횡성,쓰,0.8
3157,2016-02-04,13:45,경북,영주,기,0.1
3158,2016-02-04,13:35,강원,춘천,기,1
3159,2016-02-04,11:22,강원,원주,쓰,0.05
3164,2016-02-01,17:49,강원,홍천,기,0.3
3166,2016-02-01,14:36,강원,원주,입,0.01
3167,2016-01-31,13:07,강원,영월,건,0.05
3169,2016-01-29,11:51,강원,홍천,입,0.03
3170,2016-01-29,01:22,강원,홍천,쓰,0.05
3172,2016-01-27,16:22,강원,원주,쓰,0.15
3174,2016-01-26,16:46,강원,양양,쓰,0.03
3175,2016-01-26,03:58,강원,춘천,기,0.1
3176,2016-01-25,17:02,강원,춘천,기,0.3
3182,2016-01-22,16:25,강원,춘천,입,0.01
3185,2016-01-19,18:40,강원,강릉,건,3
3187,2016-01-17,11:18,경북,안동,기,0.01
3191,2016-01-13,11:25,강원,원주,기,0.03
3192,2016-01-12,14:28,강원,양구,쓰,0.05
3193,2016-01-12,12:35,울산,울주,기,0.1
3197,2016-01-09,14:48,경북,영양,쓰,0.3
3198,2016-01-08,13:20,경북,칠곡,쓰,0.2
3199,2016-01-06,17:48,경북,울진,건,0.3
3200,2016-01-06,15:13,강원,고성,담,0.06
3202,2016-01-03,14:03,경북,영양,입,0.5
3203,2015-12-29,14:00,경북,봉화,기,0.1
3205,2015-12-28,15:10,경북,문경,입,0.8
3206,2015-12-22,13:54,강원,강릉,담,0.01
3207,2015-12-19,20:04,강원,인제,기,0.01
3208,2015-12-16,13:40,강원,양양,입,0.1
3209,2015-12-12,13:32,강원,횡성,쓰,0.03
3211,2015-11-05,14:06,경북,영덕,입,0.5
3212,2015-11-04,10:35,강원,인제,기,0.2
3215,2015-11-03,11:33,경북,영주,기,0.01
3216,2015-11-02,16:35,강원,양구,입,0.3
3217,2015-11-02,13:50,강원,강릉,기,0.03
3218,2015-11-01,16:40,강원,홍천,입,0.1
3219,2015-10-31,13:50,경북,문경,기,0.2
3225,2015-10-25,22:48,강원,평창,기,0.1
3226,2015-10-25,16:12,경북,문경,기,0.1
3229,2015-10-25,11:51,경북,김천,기,0.1
3231,2015-10-24,12:02,강원,강릉,기,0.5
3232,2015-10-23,19:30,경북,울진,기,0.01
3233,2015-10-23,18:28,경북,안동,기,0.1
3235,2015-10-20,10:54,경북,봉화,기,0.1
3237,2015-10-18,14:55,경북,성주,기,0.1
3239,2015-10-17,15:57,강원,철원,기,0.05
3240,2015-10-17,09:20,강원,강릉,입,0.8
3241,2015-10-16,15:35,강원,정선,기,0.05
3246,2015-10-11,12:10,강원,춘천,기,0.01
3248,2015-10-10,00:20,경북,김천,기,0.5
3249,2015-10-09,15:50,경북,예천,입,0.2
3251,2015-10-07,15:30,경북,경주,입,0.02
3252,2015-10-07,13:25,경북,김천,담,0.01
3255,2015-10-06,15:10,강원,철원,입,0.1
3256,2015-10-06,14:28,경북,봉화,기,0.5
3259,2015-10-04,15:15,경북,상주,쓰,0.2
3263,2015-09-29,14:00,강원,원주,입,0.05
3265,2015-09-29,12:14,경북,영주,기,0.2
3273,2015-09-27,16:40,강원,원주,기,0.01
3275,2015-09-27,11:35,강원,춘천,입,0.01
3278,2015-09-25,14:18,강원,횡성,기,0.03
3281,2015-09-22,14:15,경북,영양,기,0.3
3285,2015-09-18,10:10,경북,영주,기,0.1
3289,2015-09-09,17:20,경북,영주,기,0.06
3299,2015-08-07,08:00,경북,안동,입,0.1
3300,2015-08-02,21:45,경북,청송,기,0.03
3301,2015-07-31,14:50,경북,경주,입,0.1
3306,2015-06-22,14:40,강원,홍천,기,0.1
3311,2015-06-17,15:50,강원,춘천,입,0.05
3314,2015-06-16,13:26,강원,화천,입,0.02
3318,2015-06-15,14:02,강원,양구,기,0.01
3319,2015-06-15,05:19,경북,칠곡,입,0.01
3320,2015-06-14,17:55,경북,김천,기,0.03
3322,2015-06-14,13:30,경북,성주,입,0.1
3324,2015-06-13,16:05,경북,김천,기,0.5
3329,2015-06-12,13:40,강원,인제,입,0.1
3331,2015-06-11,12:54,강원,홍천,입,0.5
3332,2015-06-10,16:00,강원,정선,기,0.4
3333,2015-06-10,15:03,강원,인제,입,0.25
3334,2015-06-10,12:41,강원,횡성,입,1.9
3335,2015-06-10,11:40,경북,안동,기,0.1
3336,2015-06-10,11:11,경북,영천,쓰,0.1
3337,2015-06-09,17:03,강원,인제,기,0.01
3347,2015-06-07,12:30,강원,화천,기,0.01
3353,2015-06-06,12:50,경북,상주,쓰,0.01
3355,2015-06-05,08:32,강원,동해,입,0.02
3356,2015-06-05,04:55,경북,봉화,입,0.01
3358,2015-06-05,00:01,경북,청송,기,0.5
3359,2015-06-04,23:56,강원,고성,기,0.06
3360,2015-06-04,22:23,경북,영주,기,0.03
3362,2015-06-04,17:32,경북,봉화,쓰,0.1
3364,2015-06-04,14:36,강원,강릉,기,0.4
3365,2015-06-04,13:30,강원,철원,쓰,1
3369,2015-06-04,06:57,강원,홍천,기,2
3372,2015-06-03,20:00,경북,청송,기,3
3374,2015-06-03,14:28,강원,춘천,기,1
3377,2015-06-03,13:50,강원,인제,입,0.5
3379,2015-06-03,11:58,강원,횡성,기,0.1
3383,2015-06-02,20:51,경북,경산,입,0.1
3384,2015-06-02,15:30,강원,춘천,기,0.09
3393,2015-05-31,19:21,강원,홍천,기,0.2
3394,2015-05-31,19:02,강원,횡성,입,0.15
3395,2015-05-31,14:30,경북,경주,입,0.01
3396,2015-05-31,14:27,강원,화천,입,0.06
3397,2015-05-31,13:30,강원,화천,입,0.03
3398,2015-05-31,10:52,강원,삼척,기,1.3
3400,2015-05-29,15:05,강원,삼척,입,0.25
3401,2015-05-29,14:40,경북,고령,기,0.01
3406,2015-05-28,18:10,강원,평창,입,0.3
3413,2015-05-27,15:45,경북,고령,쓰,1.5
3419,2015-05-26,05:10,경북,안동,기,0.4
3427,2015-05-25,01:21,강원,횡성,입,0.5
3431,2015-05-23,18:10,강원,평창,입,0.5
3433,2015-05-23,16:24,경북,안동,기,0.1
3434,2015-05-23,15:57,경북,문경,기,0.03
3437,2015-05-21,19:22,강원,강릉,입,0.7
3438,2015-05-21,15:55,강원,영월,기,0.04
3439,2015-05-21,15:53,강원,횡성,기,0.01
3440,2015-05-21,15:40,강원,홍천,입,1
3441,2015-05-21,14:55,강원,삼척,기,3.14
3446,2015-05-17,17:10,강원,홍천,입,0.2
3447,2015-05-17,11:12,강원,양양,입,0.3
3450,2015-05-11,13:26,강원,정선,입,0.1
3452,2015-05-10,15:30,강원,강릉,입,0.1
3455,2015-05-08,13:27,강원,강릉,입,0.1
3456,2015-05-07,14:50,강원,춘천,기,0.01
3457,2015-05-07,13:40,강원,춘천,입,0.01
3459,2015-05-07,12:00,경북,문경,기,0.1
3461,2015-05-05,16:32,강원,횡성,입,0.01
3462,2015-05-05,11:10,강원,평창,입,0.1
3463,2015-05-05,10:40,강원,강릉,담,0.2
3464,2015-05-05,07:15,강원,강릉,담,0.01
3465,2015-05-02,17:30,강원,강릉,입,0.02
3466,2015-05-02,12:50,강원,영월,입,0.03
3467,2015-05-01,14:35,경북,포항,입,0.01
3469,2015-04-29,21:15,강원,양구,기,1.7
3471,2015-04-28,13:58,강원,홍천,기,4.6
3480,2015-04-27,11:20,울산,울주,입,0.1
3481,2015-04-26,19:32,강원,강릉,기,0.2
3485,2015-04-26,12:30,강원,화천,기,0.2
3496,2015-04-24,13:30,강원,정선,기,0.3
3497,2015-04-23,14:30,강원,인제,입,1
3498,2015-04-23,14:14,경북,문경,입,0.01
3499,2015-04-23,12:20,강원,고성,입,0.5
3501,2015-04-22,12:33,경북,영천,입,0.01
3503,2015-04-17,15:03,경북,칠곡,기,0.01
3506,2015-04-13,10:41,강원,화천,입,0.3
3508,2015-04-12,16:20,강원,철원,기,0.2
3512,2015-04-12,07:30,강원,원주,입,0.06
3516,2015-04-03,14:37,강원,인제,입,0.01
3520,2015-03-30,13:08,강원,춘천,입,0.1
3525,2015-03-29,14:30,강원,춘천,쓰,0.03
3529,2015-03-29,13:05,강원,원주,입,0.05
3533,2015-03-28,17:00,경북,경주,쓰,2
3534,2015-03-28,14:40,강원,평창,기,11.1
3542,2015-03-28,12:31,경북,군위,쓰,0.1
3545,2015-03-28,12:10,경북,고령,입,0.01
3547,2015-03-28,11:48,경북,영주,쓰,0.1
3550,2015-03-28,09:27,경북,영주,쓰,0.2
3551,2015-03-27,21:39,강원,양양,건,0.03
3552,2015-03-27,19:30,강원,고성,기,0.9
3559,2015-03-26,14:00,강원,원주,기,1.5
3560,2015-03-26,11:50,강원,삼척,입,0.8
3561,2015-03-25,20:01,강원,춘천,기,0.05
3562,2015-03-25,18:49,강원,홍천,입,4.8
3564,2015-03-25,17:00,강원,평창,담,0.6
3565,2015-03-25,16:36,강원,원주,기,0.06
3566,2015-03-25,15:55,강원,삼척,입,0.8
3571,2015-03-25,13:21,강원,홍천,담,0.1
3573,2015-03-24,16:32,강원,홍천,기,0.2
3586,2015-03-23,14:40,울산,울주,기,0.01
3587,2015-03-23,13:55,경북,봉화,기,0.1
3589,2015-03-23,13:11,강원,홍천,입,37.1
3590,2015-03-23,12:50,강원,인제,기,3
3593,2015-03-23,10:33,울산,북,기,0.17
3594,2015-03-23,09:45,강원,철원,쓰,0.1
3598,2015-03-22,16:04,강원,홍천,기,10.8
3605,2015-03-22,14:20,강원,횡성,기,0.3
3607,2015-03-22,14:01,강원,화천,쓰,67.3
3613,2015-03-22,13:40,강원,영월,기,0.1
3624,2015-03-22,10:45,경북,안동,기,0.03
3627,2015-03-21,16:27,경북,경주,기,0.03
3630,2015-03-21,14:30,경북,안동,기,0.2
3633,2015-03-21,13:25,강원,화천,기,0.3
3643,2015-03-20,14:43,강원,홍천,건,0.1
3647,2015-03-19,15:03,강원,화천,입,0.02
3649,2015-03-17,16:14,강원,삼척,기,1.92
3657,2015-03-16,18:12,경북,안동,기,0.1
3658,2015-03-16,15:54,강원,태백,건,0.5
3660,2015-03-16,13:50,울산,울주,기,0.03
3665,2015-03-15,19:50,울산,울주,기,0.1
3669,2015-03-15,14:35,강원,동해,기,1.5
3675,2015-03-15,10:36,강원,양구,건,0.2
3683,2015-03-14,14:53,강원,홍천,쓰,0.8
3685,2015-03-14,14:00,경북,경주,입,0.1
3686,2015-03-14,13:30,강원,양구,쓰,0.07
3690,2015-03-14,11:56,강원,강릉,기,0.02
3693,2015-03-13,16:23,경북,문경,기,0.1
3697,2015-03-12,20:53,울산,울주,기,1
3704,2015-03-12,10:43,경북,봉화,기,2
3705,2015-03-12,06:35,경북,상주,기,0.1
3708,2015-03-11,18:59,강원,홍천,입,0.03
3709,2015-03-11,17:17,강원,강릉,기,0.1
3710,2015-03-11,16:00,경북,포항,기,0.3
3718,2015-03-10,16:05,경북,포항,기,0.01
3721,2015-03-10,13:52,경북,구미,기,0.01
3722,2015-03-10,13:40,경북,경주,기,10
3724,2015-03-10,07:04,경북,상주,기,0.3
3726,2015-03-09,15:45,경북,안동,기,0.1
3727,2015-03-09,15:40,경북,청송,기,1
3732,2015-03-09,14:42,강원,춘천,기,0.4
3734,2015-03-09,14:21,강원,춘천,기,0.01
3736,2015-03-09,12:20,경북,봉화,기,0.1
3740,2015-03-08,14:00,강원,강릉,담,0.1
3745,2015-03-08,11:00,강원,고성,쓰,0.9
3746,2015-03-08,10:39,강원,횡성,기,0.1
3750,2015-03-07,13:35,강원,춘천,쓰,0.2
3758,2015-03-06,07:08,경북,울진,기,0.9
3762,2015-03-05,12:05,경북,성주,입,0.01
3764,2015-03-04,12:45,경북,경주,기,0.09
3766,2015-03-04,11:40,강원,정선,건,7
3767,2015-03-02,16:17,강원,인제,입,0.01
3774,2015-02-26,19:20,경북,경주,입,0.1
3776,2015-02-26,14:15,강원,원주,기,0.2
3780,2015-02-24,12:38,경북,울진,기,0.2
3782,2015-02-15,15:26,경북,청송,기,0.1
3794,2015-02-12,11:46,강원,영월,건,1
3795,2015-02-11,02:40,경북,문경,기,2
3798,2015-02-10,14:45,경북,경산,입,0.2
3799,2015-02-10,10:31,울산,울주,입,0.1
3800,2015-02-09,16:24,경북,포항,기,0.01
3801,2015-02-09,15:20,경북,영양,기,0.05
3803,2015-02-08,13:31,강원,삼척,기,52
3804,2015-02-07,15:40,경북,영양,기,0.01
3805,2015-02-06,16:07,경북,의성,기,0.4
3809,2015-02-01,16:21,강원,춘천,입,0.1
3814,2015-01-20,04:00,경북,경주,기,0.19
3816,2015-01-18,16:05,경북,경주,입,0.61
3818,2015-01-13,10:57,경북,울진,기,0.01
3820,2015-01-10,13:02,경북,영천,기,2.2
3821,2015-01-10,13:02,강원,강릉,입,0.2
3822,2015-01-05,01:54,강원,강릉,입,0.16
3824,2015-01-04,15:18,경북,안동,입,0.05
3828,2014-12-22,10:26,강원,양양,쓰,0.05
3830,2014-11-23,08:34,강원,양양,입,1
3836,2014-11-14,10:13,경북,포항 북,쓰,0.2
3838,2014-11-11,11:33,강원,양구,기,0.05
3845,2014-11-09,13:20,강원,홍천,기,0.01
3849,2014-10-30,14:43,강원,평창,기,0.5
3850,2014-10-29,13:30,강원,인제,입,0.7
3852,2014-10-28,11:57,강원,홍천,입,0.02
3862,2014-10-08,15:00,경북,포항,입,0.01
3864,2014-10-03,13:15,울산,북,입,0.1
3867,2014-09-20,13:56,강원,화천,입,0.25
3869,2014-07-30,17:50,경북,영주,기,0.01
3870,2014-07-30,12:35,경북,문경,입,0.2
3871,2014-07-30,12:00,경북,군위,쓰,0.2
3872,2014-07-20,18:15,강원,춘천,입,0.01
3883,2014-06-19,15:00,강원,인제,쓰,0.19
3885,2014-06-15,14:10,강원,인제,기,0.05
3887,2014-06-10,17:18,강원,원주,기,0.01
3889,2014-06-02,08:40,경북,포항 북,입,0.1
3891,2014-06-01,21:45,강원,횡성,쓰,0.1
3892,2014-06-01,05:20,경북,예천,입,0.1
3894,2014-05-31,17:02,강원,평창,기,0.9
3896,2014-05-30,16:00,경북,김천,기,0.15
3899,2014-05-30,10:00,강원,삼척,기,0.25
3901,2014-05-29,16:40,경북,문경,쓰,0.03
3903,2014-05-28,15:40,강원,양구,입,0.1
3904,2014-05-28,12:29,경북,포항 남,기,0.1
3905,2014-05-27,14:20,경북,김천,기,0.6
3906,2014-05-27,12:35,경북,안동,쓰,0.2
3907,2014-05-26,12:10,강원,삼척,입,0.3
3908,2014-05-25,10:36,경북,경주,기,0.7
3909,2014-05-24,17:15,경북,봉화,입,0.1
3911,2014-05-22,15:20,경북,봉화,입,0.1
3912,2014-05-22,12:15,경북,경주,입,0.02
3913,2014-05-22,11:52,경북,영천,쓰,0.2
3920,2014-05-17,11:50,경북,영주,기,0.01
3924,2014-05-14,18:24,강원,정선,입,0.1
3925,2014-05-13,11:19,강원,고성,기,0.5
3927,2014-05-11,16:36,강원,인제,입,0.03
3929,2014-05-11,14:16,경북,군위,입,0.1
3933,2014-05-10,15:02,강원,영월,입,0.5
3936,2014-05-09,16:12,강원,삼척,입,0.3
3942,2014-05-06,18:20,강원,영월,쓰,0.3
3944,2014-05-05,19:10,강원,양구,입,0.05
3945,2014-05-04,18:42,강원,홍천,입,0.1
3947,2014-05-03,11:50,경북,봉화,기,0.2
3948,2014-04-27,15:25,강원,양양,입,0.01
3951,2014-04-26,15:10,강원,양구,입,0.1
3952,2014-04-26,14:29,경북,울진,기,1
3954,2014-04-26,13:20,강원,영월,입,0.1
3955,2014-04-26,10:40,강원,평창,기,0.3
3957,2014-04-25,20:20,강원,화천,담,0.1
3959,2014-04-25,15:28,경북,봉화,입,0.5
3961,2014-04-25,14:10,강원,양양,입,0.04
3965,2014-04-25,10:24,강원,삼척,기,0.5
3967,2014-04-24,18:39,강원,영월,기,0.9
3968,2014-04-24,18:10,강원,춘천,입,0.06
3970,2014-04-24,15:20,강원,춘천,입,0.05
3971,2014-04-24,15:19,경북,영주,기,14.3
3972,2014-04-24,12:54,강원,영월,기,1
3973,2014-04-24,12:05,강원,횡성,입,0.4
3974,2014-04-24,10:50,강원,홍천,입,2.5
3980,2014-04-23,16:25,경북,상주,입,0.2
3987,2014-04-23,13:30,울산,남,기,0.01
3988,2014-04-23,13:30,강원,춘천,입,0.03
3996,2014-04-22,14:46,강원,홍천,담,0.2
4000,2014-04-22,10:35,강원,인제,입,0.05
4001,2014-04-21,16:05,강원,고성,입,0.09
4003,2014-04-21,13:15,강원,영월,입,0.1
4008,2014-04-20,13:41,강원,홍천,입,0.2
4012,2014-04-17,19:14,강원,춘천,입,0.03
4014,2014-04-16,22:57,강원,춘천,입,0.09
4021,2014-04-15,14:04,경북,경주,입,0.05
4023,2014-04-15,10:55,경북,칠곡,입,0.1
4024,2014-04-15,10:45,경북,영주,기,3.5
4025,2014-04-15,10:37,경북,영천,기,0.5
4029,2014-04-14,17:25,경북,안동,입,0.2
4033,2014-04-14,14:17,경북,청도,입,0.8
4037,2014-04-13,16:25,경북,예천,입,0.2
4040,2014-04-13,14:20,강원,홍천,쓰,0.1
4042,2014-04-12,14:04,강원,양구,입,0.2
4043,2014-04-12,03:40,경북,상주,입,0.1
4044,2014-04-11,16:46,강원,원주,입,0.1
4045,2014-04-11,15:09,경북,봉화,쓰,0.03
4046,2014-04-11,14:50,강원,춘천,입,0.01
4049,2014-04-10,15:10,강원,철원,입,0.03
4051,2014-04-10,13:10,강원,양구,담,0.05
4055,2014-04-09,14:30,경북,성주,입,0.3
4056,2014-04-09,14:00,강원,영월,쓰,1.42
4062,2014-04-08,15:30,경북,안동,건,0.2
4070,2014-04-08,10:30,경북,상주,기,0.2
4074,2014-04-07,15:12,경북,상주,기,0.01
4088,2014-04-06,14:15,경북,성주,입,0.05
4090,2014-04-06,13:20,울산,울주,쓰,0.06
4106,2014-04-02,12:00,경북,상주,기,0.05
4111,2014-04-01,13:50,강원,횡성,기,0.2
4112,2014-04-01,12:30,경북,상주,기,0.03
4119,2014-03-28,12:51,경북,상주,입,0.1
4120,2014-03-27,18:29,강원,평창,기,0.15
4121,2014-03-27,17:29,강원,홍천,기,0.2
4122,2014-03-27,15:48,강원,철원,입,0.03
4123,2014-03-27,14:15,경북,영주,기,0.01
4125,2014-03-24,19:14,강원,양양,기,0.3
4126,2014-03-24,16:27,강원,홍천,기,0.2
4128,2014-03-24,13:33,경북,예천,기,1.8
4129,2014-03-24,12:40,경북,안동,기,0.02
4132,2014-03-23,17:30,경북,상주,입,0.01
4133,2014-03-23,17:00,경북,안동,기,0.2
4135,2014-03-23,15:50,경북,군위,입,0.1
4137,2014-03-23,14:22,울산,울주,입,0.1
4138,2014-03-23,13:40,경북,상주,기,0.1
4139,2014-03-23,12:45,경북,김해,기,0.2
4149,2014-03-17,20:35,경북,영주,기,0.06
4150,2014-03-17,18:52,경북,영주,기,0.1
4152,2014-03-11,19:31,경북,문경,입,0.5
4153,2014-03-11,16:50,강원,원주,입,0.06
4155,2014-03-11,15:20,경북,청도,기,0.5
4160,2014-03-11,13:29,경북,영천,쓰,0.18
4161,2014-03-11,13:16,경북,예천,기,0.2
4164,2014-03-11,10:05,경북,경산,기,0.05
4166,2014-03-10,15:20,경북,안동,기,0.1
4173,2014-03-10,10:23,강원,화천,기,0.12
4175,2014-03-09,10:25,경북,울진,입,0.01
4177,2014-03-08,16:30,경북,성주,입,11
4178,2014-03-08,14:48,경북,문경,쓰,0.15
4179,2014-03-08,14:00,울산,중,기,0.03
4182,2014-03-07,15:10,강원,홍천,기,0.2
4185,2014-03-07,13:37,강원,춘천,기,0.05
4188,2014-03-07,11:50,강원,영월,기,2
4191,2014-03-05,20:25,경북,영주,입,0.02
4194,2014-03-05,16:25,경북,영주,기,0.03
4195,2014-03-05,15:07,강원,춘천,기,0.01
4197,2014-03-05,13:28,경북,구미,기,0.7
4199,2014-03-05,12:50,경북,군위,기,0.1
4202,2014-03-04,13:50,울산,북,쓰,0.06
4205,2014-03-03,14:12,강원,원주,기,0.06
4206,2014-03-03,11:43,강원,원주,기,0.1
4207,2014-03-02,18:55,경북,안동,기,0.5
4208,2014-03-02,18:00,경북,상주,쓰,0.02
4214,2014-03-02,13:15,경북,문경,기,0.3
4216,2014-02-27,12:30,강원,횡성,기,0.25
4220,2014-02-26,10:55,경북,안동,입,0.1
4224,2014-02-25,11:48,경북,상주,기,0.01
4236,2014-02-23,13:00,경북,영양,담,0.02
4243,2014-02-21,13:30,경북,영양,기,0.05
4244,2014-02-18,07:00,경북,상주,입,0.02
4248,2014-02-16,14:25,경북,청도,기,0.1
4251,2014-02-15,14:48,울산,울주,기,0.01
4252,2014-02-14,17:30,경북,칠곡,입,0.01
4257,2014-02-07,16:00,경북,안동,기,0.1
4258,2014-02-05,15:00,경북,안동,건,0.01
4259,2014-02-05,14:29,경북,영천,쓰,0.05
4260,2014-02-04,19:35,강원,양양,건,0.5
4261,2014-02-04,19:30,경북,예천,기,0.1
4263,2014-02-04,02:43,울산,울주,기,0.7
4264,2014-02-03,15:02,경북,포항 북,입,0.01
4265,2014-02-03,08:49,경북,경주,입,2.2
4266,2014-02-02,11:50,경북,칠곡,입,0.01
4267,2014-02-01,19:00,경북,영양,건,0.01
4268,2014-02-01,10:20,울산,울주,기,0.6
4269,2014-01-31,15:00,울산,울주,기,0.1
4270,2014-01-31,14:17,경북,영천,기,0.6
4271,2014-01-31,12:50,경북,상주,입,0.01
4272,2014-01-31,12:35,경북,경주,기,0.05
4273,2014-01-29,14:10,경북,울진,쓰,0.1
4275,2014-01-29,12:30,경북,경주,쓰,0.3
4276,2014-01-29,12:20,경북,성주,입,0.05
4277,2014-01-28,16:20,울산,울주,기,0.6
4280,2014-01-25,03:50,경북,안동,쓰,0.02
4282,2014-01-23,14:43,경북,성주,입,0.2
4284,2014-01-23,12:21,울산,울주,기,0.1
4286,2014-01-22,16:00,울산,남,기,0.02
4291,2014-01-21,15:55,경북,청도,기,0.1
4292,2014-01-21,15:00,경북,경주,쓰,0.02
4293,2014-01-21,14:41,경북,포항 북,담,0.1
4295,2014-01-19,19:50,강원,원주,담,0.02
4297,2014-01-18,18:55,경북,영주,쓰,0.01
4300,2014-01-16,10:40,강원,정선,입,0.2
4301,2014-01-15,16:23,강원,삼척,입,0.1
4302,2014-01-15,15:00,경북,안동,쓰,0.2
4303,2014-01-15,13:20,경북,문경,쓰,0.1
4306,2014-01-14,12:15,경북,영주,기,0.1
4308,2014-01-13,12:50,강원,화천,기,0.15
4309,2014-01-09,15:57,경북,포항 남,기,0.1
4314,2014-01-04,13:18,경북,성주,입,0.2
4326,2013-12-06,14:06,강원,양양,입,0.01
4327,2013-12-04,14:50,경북,영천,입,0.15
4328,2013-12-01,21:40,강원,강릉,담,0.03
4331,2013-11-22,22:17,강원,태백,기,0.05
4332,2013-11-21,07:10,경북,포항,기,0.1
4333,2013-11-20,05:53,경북,영덕,입,0.01
4334,2013-11-19,04:43,경북,포항`,입,0.01
4335,2013-11-08,21:31,강원,양양,기,0.01
4336,2013-11-05,14:25,경북,영천,입,0.1
4340,2013-10-29,14:30,강원,춘천,입,0.05
4349,2013-09-27,15:50,경북,김천,쓰,0.01
4351,2013-09-23,10:57,울산,울주,쓰,0.1
4354,2013-08-17,21:24,경북,경주,입,0.1
4355,2013-08-17,13:06,경북,포항,담,0.1
4356,2013-08-14,17:55,강원,삼척,기,0.3
4357,2013-08-11,16:55,강원,삼척,기,0.5
4360,2013-06-11,15:55,강원,양구,입,0.01
4363,2013-06-07,15:02,강원,춘천,입,0.02
4367,2013-05-17,22:30,강원,춘천,입,0.02
4368,2013-05-16,11:16,강원,홍천,입,0.05
4369,2013-05-14,20:04,경북,영덕,입,0.01
4370,2013-05-14,15:31,경북,구미,입,0.01
4371,2013-05-14,14:40,경북,경주,기,0.1
4372,2013-05-14,08:43,강원,화천,입,0.02
4373,2013-05-13,15:28,경북,포항,입,0.02
4375,2013-05-12,14:00,강원,삼척,입,0.1
4376,2013-05-09,15:10,경북,안동,기,0.1
4377,2013-05-08,23:00,경북,영덕,입,13.8
4378,2013-05-08,18:46,경북,영덕,입,0.3
4380,2013-05-08,12:35,강원,횡성,담,0.2
4381,2013-05-08,11:10,강원,속초,입,0.01
4383,2013-05-06,14:50,강원,춘천,입,0.1
4387,2013-05-06,09:12,울산,북,입,0.06
4388,2013-05-06,07:27,경북,포항 북,입,0.09
4389,2013-05-06,01:27,강원,춘천,입,0.5
4393,2013-05-05,11:30,경북,고령,입,0.3
4394,2013-05-04,12:33,강원,홍천,입,0.1
4395,2013-04-30,12:05,강원,삼척,입,0.8
4396,2013-04-29,09:25,강원,태백,쓰,0.07
4397,2013-04-27,11:45,강원,양양,입,0.3
4399,2013-04-19,11:09,강원,홍천,입,0.1
4401,2013-04-18,18:40,강원,홍천,입,0.1
4402,2013-04-18,13:54,경북,칠곡,입,0.01
4408,2013-04-16,13:48,경북,칠곡,기,0.8
4412,2013-04-16,10:54,경북,경주,기,0.03
4413,2013-04-14,20:12,경북,청송,건,0.1
4420,2013-04-13,16:00,경북,경주,입,0.09
4425,2013-04-13,12:46,경북,울진,쓰,0.01
4428,2013-04-13,10:03,경북,울진,쓰,0.01
4438,2013-04-10,15:00,경북,영덕,입,0.01
4443,2013-04-05,15:06,울산,북,기,0.02
4446,2013-04-04,16:45,경북,문경,담,0.01
4449,2013-04-04,13:55,경북,영주,기,0.3
4459,2013-04-01,14:20,강원,춘천,입,0.01
4460,2013-04-01,13:32,경북,청송,기,0.1
4471,2013-03-30,11:19,경북,상주,입,0.1
4479,2013-03-28,02:20,강원,강릉,기,0.02
4482,2013-03-27,16:02,강원,홍천,담,0.1
4483,2013-03-27,14:37,강원,춘천,기,4
4488,2013-03-26,13:45,경북,경산,기,0.05
4491,2013-03-25,13:15,경북,청도,쓰,0.3
4493,2013-03-23,14:38,강원,원주,기,0.1
4497,2013-03-22,14:30,경북,상주,입,0.2
4503,2013-03-17,13:15,울산,울주,기,0.15
4508,2013-03-16,10:55,강원,양양,기,0.2
4517,2013-03-11,12:50,강원,양구,기,0.1
4519,2013-03-10,20:00,경북,상주,기,1
4523,2013-03-10,13:55,경북,청송,담,1
4527,2013-03-09,20:30,울산,울주,쓰,280
4531,2013-03-09,15:45,경북,포항,기,3
4532,2013-03-09,15:41,경북,봉화,담,15
4533,2013-03-09,15:38,경북,포항,기,79
4540,2013-03-09,14:18,울산,북,기,33.2
4541,2013-03-09,14:00,울산,울주,쓰,0.03
4544,2013-03-09,13:15,강원,춘천,쓰,0.3
4546,2013-03-09,12:40,울산,울주,기,5
4552,2013-03-08,12:25,경북,영덕,입,0.1
4553,2013-03-08,12:13,강원,양양,쓰,1
4554,2013-03-08,12:00,울산,울주,기,0.01
4556,2013-03-06,17:10,경북,구미,입,0.01
4559,2013-03-06,15:10,강원,춘천,기,0.05
4560,2013-03-06,14:45,울산,울주,쓰,0.01
4566,2013-03-05,16:40,경북,포항 남,기,0.8
4568,2013-03-05,15:05,경북,구미,기,0.1
4570,2013-03-05,14:10,경북,상주,쓰,0.06
4576,2013-03-04,12:27,강원,삼척,쓰,0.2
4586,2013-02-28,12:10,강원,삼척,기,0.02
4593,2013-02-25,14:25,울산,울주,기,1
4598,2013-02-24,14:00,울산,울주,기,0.3
4599,2013-02-23,13:18,경북,안동,담,0.02
4601,2013-02-20,14:40,울산,울주,기,0.01
4605,2013-02-15,13:20,울산,동,기,0.1
4607,2013-01-30,15:55,경북,영천,담,0.05
4608,2013-01-28,13:30,경북,영양,건,0.1
4610,2013-01-12,16:40,강원,양양,쓰,0.1
4614,2012-12-26,12:30,강원,삼척,쓰,0.2
4616,2012-11-27,12:30,강원,춘천,입,0.01
4617,2012-11-19,18:10,경북,영덕,입,0.01
4620,2012-11-03,15:10,경북,구미,입,0.1
4621,2012-10-21,13:12,강원,원주,입,0.03
4626,2012-10-14,14:28,강원,속초,입,0.01
4627,2012-10-14,12:46,경북,봉화,입,0.1
4634,2012-10-01,15:10,경북,경산,입,0.03
4640,2012-06-29,06:00,강원,원주,입,0.2
4652,2012-06-22,13:00,강원,횡성,기,0.7
4653,2012-06-21,13:52,강원,홍천,입,0.08
4654,2012-06-19,11:17,강원,춘천,입,0.1
4657,2012-06-14,21:30,강원,춘천,입,0.05
4665,2012-06-06,10:30,경북,경주,기,0.1
4675,2012-05-30,09:10,강원,양구,기,0.01
4676,2012-05-30,08:00,강원,홍천,기,0.1
4678,2012-05-30,05:30,강원,홍천,기,0.1
4683,2012-05-29,11:28,강원,원주,기,0.01
4685,2012-05-28,17:19,강원,홍천,기,0.1
4687,2012-05-28,15:05,경북,안동,기,0.01
4688,2012-05-28,13:17,강원,횡성,기,0.01
4689,2012-05-28,12:20,경북,예천,기,0.05
4690,2012-05-28,12:18,강원,정선,기,0.01
4691,2012-05-28,10:32,강원,홍천,기,0.07
4692,2012-05-28,04:34,경북,울진,기,1.5
4693,2012-05-27,18:00,경북,영양,기,4.5
4694,2012-05-27,17:53,경북,안동,기,0.1
4695,2012-05-27,17:50,강원,삼척,기,0.01
4696,2012-05-27,16:10,강원,홍천,기,0.01
4697,2012-05-27,14:24,강원,영월,기,0.1
4698,2012-05-26,15:31,강원,평창,기,0.2
4700,2012-05-26,10:00,경북,울진,입,0.05
4703,2012-05-24,15:20,울산,울주,쓰,0.1
4705,2012-05-23,05:40,강원,화천,입,0.04
4708,2012-05-18,17:05,울산,울주,입,0.1
4709,2012-05-12,11:45,경북,영양,입,0.1
4712,2012-05-07,15:38,강원,평창,입,0.1
4713,2012-05-07,14:54,강원,철원,입,0.05
4718,2012-05-06,14:42,강원,홍천,입,0.01
4719,2012-05-06,13:53,강원,원주,입,0.05
4723,2012-05-06,12:55,울산,동구,입,0.05
4724,2012-05-06,12:54,강원,화천,입,0.1
4725,2012-05-05,07:15,경북,영덕,입,0.1
4727,2012-05-01,14:10,강원,삼척,입,0.12
4729,2012-04-30,10:15,강원,춘천,입,0.01
4730,2012-04-24,14:33,강원,동해,입,0.01
4732,2012-04-20,17:50,강원,영월,쓰,0.05
4733,2012-04-19,15:00,강원,횡성,입,1.5
4734,2012-04-19,14:22,경북,안동,담,0.1
4735,2012-04-19,14:16,강원,홍천,입,11
4738,2012-04-18,16:09,강원,철원,입,0.15
4740,2012-04-17,16:25,경북,영주,기,0.05
4741,2012-04-17,15:50,경북,영주,기,0.3
4744,2012-04-17,15:20,강원,영월,건,0.1
4747,2012-04-15,20:17,강원,삼척,기,0.03
4748,2012-04-15,15:20,강원,평창,담,0.12
4750,2012-04-15,12:10,경북,영천,입,0.01
4754,2012-04-09,16:29,강원,춘천,입,0.02
4759,2012-04-08,14:36,경북,안동,기,0.01
4760,2012-04-08,14:20,경북,칠곡,담,1.5
4764,2012-04-07,15:10,경북,의성,쓰,0.1
4765,2012-04-07,14:18,경북,안동,담,0.2
4771,2012-04-05,11:05,경북,영주,담,0.1
4774,2012-03-30,17:26,강원,양구,건,0.1
4779,2012-03-28,15:30,울산,울주,입,0.5
4789,2012-03-12,15:15,강원,횡성,건,0.1
4796,2012-02-28,14:40,강원,양구,기,0.06
4803,2012-02-16,14:05,강원,원주,건,0.1
4804,2012-02-05,16:28,강원,고성,입,0.2
4807,2012-01-11,15:15,강원,홍천,입,0.03
4809,2012-01-09,12:15,경북,영덕,건,0.1
